Taxonomic lineage (SUPERKINGDOM),Taxonomic lineage (KINGDOM),Taxonomic lineage (PHYLUM),Taxonomic lineage (CLASS),Taxonomic lineage (ORDER),Taxonomic lineage (GENUS),Taxonomic lineage (SPECIES),Keyword ID_0,Keyword ID_1,Keyword ID_2,Keyword ID_3,Keyword ID_4,Keyword ID_5,Keyword ID_6,Keyword ID_7,Keyword ID_8,Keyword ID_9,Keyword ID_10,Keyword ID_11,Keyword ID_12,Keyword ID_13,Gene ontology (molecular function)_0,Gene ontology (molecular function)_1,Gene ontology (molecular function)_2,Gene ontology (molecular function)_3,Gene ontology (molecular function)_4,Gene ontology (molecular function)_5,Gene ontology (cellular component)_0,Gene ontology (cellular component)_1,Gene ontology (cellular component)_2,Gene ontology (cellular component)_3,Gene ontology (cellular component)_4,Gene ontology (cellular component)_5,Gene ontology (cellular component)_6,Gene ontology (cellular component)_7,Gene ontology (cellular component)_8,Gene ontology (cellular component)_9,Gene ontology (biological process)_0,Gene ontology (biological process)_1,Gene ontology (biological process)_2,Gene ontology (biological process)_3,Gene ontology (biological process)_4,Gene ontology (biological process)_5,Gene ontology (biological process)_6,Gene ontology (biological process)_7,Gene ontology (biological process)_8,Gene ontology (biological process)_9,Gene ontology (biological process)_10,Gene ontology (biological process)_11,Gene ontology (biological process)_12,Gene ontology (biological process)_13,Gene ontology (biological process)_14,Gene ontology (biological process)_15,Gene ontology (biological process)_16,Gene ontology (biological process)_17,Gene ontology (biological process)_18,Gene ontology (biological process)_19,Gene ontology (biological process)_20,Gene ontology (biological process)_21,Gene ontology (biological process)_22,Gene ontology (biological process)_23,Gene ontology (biological process)_24,Gene ontology (biological process)_25,Gene ontology (biological process)_26,Gene ontology (biological process)_27,Gene ontology (biological process)_28,Gene ontology (biological process)_29,Gene ontology (biological process)_30,Gene ontology (biological process)_31,Gene ontology (biological process)_32,Gene ontology (biological process)_33,Gene ontology (biological process)_34,Gene ontology (biological process)_35,Gene ontology (biological process)_36,Gene ontology (biological process)_37,Gene ontology (biological process)_38,Gene ontology (biological process)_39,Gene ontology (biological process)_40,Gene ontology (biological process)_41,Gene ontology (biological process)_42,Gene ontology (biological process)_43,Sequence
Eukaryota,Metazoa,Chordata,Actinopteri,Gadiformes (cods and others),Gadus,Gadus morhua (Atlantic cod),KW-0372,KW-0903,KW-0964,<DUMMY>,<DUMMY>,<DUMMY>,<DUMMY>,<DUMMY>,<DUMMY>,<DUMMY>,<DUMMY>,<DUMMY>,<DUMMY>,<DUMMY>,GO:0005179,<DUMMY>,<DUMMY>,<DUMMY>,<DUMMY>,<DUMMY>,GO:0005576,<DUMMY>,<DUMMY>,<DUMMY>,<DUMMY>,<DUMMY>,<DUMMY>,<DUMMY>,<DUMMY>,<DUMMY>,GO:0048255,GO:0070459,<DUMMY>,<DUMMY>,<DUMMY>,<DUMMY>,<DUMMY>,<DUMMY>,<DUMMY>,<DUMMY>,<DUMMY>,<DUMMY>,<DUMMY>,<DUMMY>,<DUMMY>,<DUMMY>,<DUMMY>,<DUMMY>,<DUMMY>,<DUMMY>,<DUMMY>,<DUMMY>,<DUMMY>,<DUMMY>,<DUMMY>,<DUMMY>,<DUMMY>,<DUMMY>,<DUMMY>,<DUMMY>,<DUMMY>,<DUMMY>,<DUMMY>,<DUMMY>,<DUMMY>,<DUMMY>,<DUMMY>,<DUMMY>,<DUMMY>,<DUMMY>,<DUMMY>,<DUMMY>,<DUMMY>,<DUMMY>,HSDAVFTDNYSRFRKQMAAKKYLNS
Eukaryota,Metazoa,Chordata,Aves,Galliformes,Gallus,Gallus gallus (Chicken),KW-0027,KW-0372,KW-0903,KW-0964,KW-1185,<DUMMY>,<DUMMY>,<DUMMY>,<DUMMY>,<DUMMY>,<DUMMY>,<DUMMY>,<DUMMY>,<DUMMY>,GO:0046659,GO:0005179,<DUMMY>,<DUMMY>,<DUMMY>,<DUMMY>,GO:0005615,<DUMMY>,<DUMMY>,<DUMMY>,<DUMMY>,<DUMMY>,<DUMMY>,<DUMMY>,<DUMMY>,<DUMMY>,GO:0009992,GO:0002024,GO:0021766,GO:0050996,GO:0032098,GO:0048167,GO:0031667,<DUMMY>,<DUMMY>,<DUMMY>,<DUMMY>,<DUMMY>,<DUMMY>,<DUMMY>,<DUMMY>,<DUMMY>,<DUMMY>,<DUMMY>,<DUMMY>,<DUMMY>,<DUMMY>,<DUMMY>,<DUMMY>,<DUMMY>,<DUMMY>,<DUMMY>,<DUMMY>,<DUMMY>,<DUMMY>,<DUMMY>,<DUMMY>,<DUMMY>,<DUMMY>,<DUMMY>,<DUMMY>,<DUMMY>,<DUMMY>,<DUMMY>,<DUMMY>,<DUMMY>,<DUMMY>,<DUMMY>,<DUMMY>,<DUMMY>,HSDGLFTSEYSKMRGNAQVQKFIQNLM
Eukaryota,Metazoa,Chordata,Mammalia,Primates,Saimiri (squirrel monkeys),Saimiri sciureus (Common squirrel monkey),KW-0372,KW-0597,KW-0903,KW-0964,<DUMMY>,<DUMMY>,<DUMMY>,<DUMMY>,<DUMMY>,<DUMMY>,<DUMMY>,<DUMMY>,<DUMMY>,<DUMMY>,GO:0005179,<DUMMY>,<DUMMY>,<DUMMY>,<DUMMY>,<DUMMY>,GO:0005576,<DUMMY>,<DUMMY>,<DUMMY>,<DUMMY>,<DUMMY>,<DUMMY>,<DUMMY>,<DUMMY>,<DUMMY>,<DUMMY>,<DUMMY>,<DUMMY>,<DUMMY>,<DUMMY>,<DUMMY>,<DUMMY>,<DUMMY>,<DUMMY>,<DUMMY>,<DUMMY>,<DUMMY>,<DUMMY>,<DUMMY>,<DUMMY>,<DUMMY>,<DUMMY>,<DUMMY>,<DUMMY>,<DUMMY>,<DUMMY>,<DUMMY>,<DUMMY>,<DUMMY>,<DUMMY>,<DUMMY>,<DUMMY>,<DUMMY>,<DUMMY>,<DUMMY>,<DUMMY>,<DUMMY>,<DUMMY>,<DUMMY>,<DUMMY>,<DUMMY>,<DUMMY>,<DUMMY>,<DUMMY>,<DUMMY>,<DUMMY>,<DUMMY>,<DUMMY>,<DUMMY>,HSQGTFTSDYSKYLDSRRAQDFVQWLMNT
Eukaryota,Metazoa,Chordata,Cladistia,Polypteriformes (reedfish),Polypterus,Polypterus senegalus (Senegal bichir),KW-0372,KW-0903,KW-0964,<DUMMY>,<DUMMY>,<DUMMY>,<DUMMY>,<DUMMY>,<DUMMY>,<DUMMY>,<DUMMY>,<DUMMY>,<DUMMY>,<DUMMY>,GO:0005179,<DUMMY>,<DUMMY>,<DUMMY>,<DUMMY>,<DUMMY>,GO:0005576,<DUMMY>,<DUMMY>,<DUMMY>,<DUMMY>,<DUMMY>,<DUMMY>,<DUMMY>,<DUMMY>,<DUMMY>,<DUMMY>,<DUMMY>,<DUMMY>,<DUMMY>,<DUMMY>,<DUMMY>,<DUMMY>,<DUMMY>,<DUMMY>,<DUMMY>,<DUMMY>,<DUMMY>,<DUMMY>,<DUMMY>,<DUMMY>,<DUMMY>,<DUMMY>,<DUMMY>,<DUMMY>,<DUMMY>,<DUMMY>,<DUMMY>,<DUMMY>,<DUMMY>,<DUMMY>,<DUMMY>,<DUMMY>,<DUMMY>,<DUMMY>,<DUMMY>,<DUMMY>,<DUMMY>,<DUMMY>,<DUMMY>,<DUMMY>,<DUMMY>,<DUMMY>,<DUMMY>,<DUMMY>,<DUMMY>,<DUMMY>,<DUMMY>,<DUMMY>,<DUMMY>,HSQGTFTNDYTKYQDSRRAQDFVQWLMSN
Eukaryota,Metazoa,Chordata,<DUMMY>,Crocodylia (alligators and others),Alligator,Alligator mississippiensis (American alligator),KW-0372,KW-0903,KW-0964,<DUMMY>,<DUMMY>,<DUMMY>,<DUMMY>,<DUMMY>,<DUMMY>,<DUMMY>,<DUMMY>,<DUMMY>,<DUMMY>,<DUMMY>,GO:0005179,<DUMMY>,<DUMMY>,<DUMMY>,<DUMMY>,<DUMMY>,GO:0005576,<DUMMY>,<DUMMY>,<DUMMY>,<DUMMY>,<DUMMY>,<DUMMY>,<DUMMY>,<DUMMY>,<DUMMY>,<DUMMY>,<DUMMY>,<DUMMY>,<DUMMY>,<DUMMY>,<DUMMY>,<DUMMY>,<DUMMY>,<DUMMY>,<DUMMY>,<DUMMY>,<DUMMY>,<DUMMY>,<DUMMY>,<DUMMY>,<DUMMY>,<DUMMY>,<DUMMY>,<DUMMY>,<DUMMY>,<DUMMY>,<DUMMY>,<DUMMY>,<DUMMY>,<DUMMY>,<DUMMY>,<DUMMY>,<DUMMY>,<DUMMY>,<DUMMY>,<DUMMY>,<DUMMY>,<DUMMY>,<DUMMY>,<DUMMY>,<DUMMY>,<DUMMY>,<DUMMY>,<DUMMY>,<DUMMY>,<DUMMY>,<DUMMY>,<DUMMY>,<DUMMY>,HSQGTFTSDYSKYLDTRRAQDFVQWLMST
Eukaryota,Metazoa,Chordata,Mammalia,Lagomorpha,Oryctolagus,Oryctolagus cuniculus (Rabbit),KW-0372,KW-0597,KW-0903,KW-0964,KW-1185,<DUMMY>,<DUMMY>,<DUMMY>,<DUMMY>,<DUMMY>,<DUMMY>,<DUMMY>,<DUMMY>,<DUMMY>,GO:0005179,<DUMMY>,<DUMMY>,<DUMMY>,<DUMMY>,<DUMMY>,GO:0005576,<DUMMY>,<DUMMY>,<DUMMY>,<DUMMY>,<DUMMY>,<DUMMY>,<DUMMY>,<DUMMY>,<DUMMY>,<DUMMY>,<DUMMY>,<DUMMY>,<DUMMY>,<DUMMY>,<DUMMY>,<DUMMY>,<DUMMY>,<DUMMY>,<DUMMY>,<DUMMY>,<DUMMY>,<DUMMY>,<DUMMY>,<DUMMY>,<DUMMY>,<DUMMY>,<DUMMY>,<DUMMY>,<DUMMY>,<DUMMY>,<DUMMY>,<DUMMY>,<DUMMY>,<DUMMY>,<DUMMY>,<DUMMY>,<DUMMY>,<DUMMY>,<DUMMY>,<DUMMY>,<DUMMY>,<DUMMY>,<DUMMY>,<DUMMY>,<DUMMY>,<DUMMY>,<DUMMY>,<DUMMY>,<DUMMY>,<DUMMY>,<DUMMY>,<DUMMY>,<DUMMY>,HSQGTFTSDYSKYLDSRRAQDFVQWLMNT
Eukaryota,Metazoa,Chordata,Actinopteri,Acipenseriformes (sturgeons and paddlefish),Huso,Huso dauricus (Kaluga sturgeon) (Acipenser dauricus),KW-0372,KW-0903,KW-0964,<DUMMY>,<DUMMY>,<DUMMY>,<DUMMY>,<DUMMY>,<DUMMY>,<DUMMY>,<DUMMY>,<DUMMY>,<DUMMY>,<DUMMY>,GO:0005179,<DUMMY>,<DUMMY>,<DUMMY>,<DUMMY>,<DUMMY>,GO:0005576,<DUMMY>,<DUMMY>,<DUMMY>,<DUMMY>,<DUMMY>,<DUMMY>,<DUMMY>,<DUMMY>,<DUMMY>,<DUMMY>,<DUMMY>,<DUMMY>,<DUMMY>,<DUMMY>,<DUMMY>,<DUMMY>,<DUMMY>,<DUMMY>,<DUMMY>,<DUMMY>,<DUMMY>,<DUMMY>,<DUMMY>,<DUMMY>,<DUMMY>,<DUMMY>,<DUMMY>,<DUMMY>,<DUMMY>,<DUMMY>,<DUMMY>,<DUMMY>,<DUMMY>,<DUMMY>,<DUMMY>,<DUMMY>,<DUMMY>,<DUMMY>,<DUMMY>,<DUMMY>,<DUMMY>,<DUMMY>,<DUMMY>,<DUMMY>,<DUMMY>,<DUMMY>,<DUMMY>,<DUMMY>,<DUMMY>,<DUMMY>,<DUMMY>,<DUMMY>,<DUMMY>,HSQDTFTNEYNKYLEAKHAQEFVQWLIKSKRRGGLT
Eukaryota,Metazoa,Chordata,<DUMMY>,Testudines (turtles),Trachemys,Trachemys scripta (Red-eared slider turtle) (Pseudemys scripta),KW-0372,KW-0903,KW-0964,<DUMMY>,<DUMMY>,<DUMMY>,<DUMMY>,<DUMMY>,<DUMMY>,<DUMMY>,<DUMMY>,<DUMMY>,<DUMMY>,<DUMMY>,GO:0005179,<DUMMY>,<DUMMY>,<DUMMY>,<DUMMY>,<DUMMY>,GO:0005576,<DUMMY>,<DUMMY>,<DUMMY>,<DUMMY>,<DUMMY>,<DUMMY>,<DUMMY>,<DUMMY>,<DUMMY>,<DUMMY>,<DUMMY>,<DUMMY>,<DUMMY>,<DUMMY>,<DUMMY>,<DUMMY>,<DUMMY>,<DUMMY>,<DUMMY>,<DUMMY>,<DUMMY>,<DUMMY>,<DUMMY>,<DUMMY>,<DUMMY>,<DUMMY>,<DUMMY>,<DUMMY>,<DUMMY>,<DUMMY>,<DUMMY>,<DUMMY>,<DUMMY>,<DUMMY>,<DUMMY>,<DUMMY>,<DUMMY>,<DUMMY>,<DUMMY>,<DUMMY>,<DUMMY>,<DUMMY>,<DUMMY>,<DUMMY>,<DUMMY>,<DUMMY>,<DUMMY>,<DUMMY>,<DUMMY>,<DUMMY>,<DUMMY>,<DUMMY>,<DUMMY>,HSQGTFTSDYSKYLDTRRAQDFVQWLMST
Eukaryota,Metazoa,Chordata,Actinopteri,Acipenseriformes (sturgeons and paddlefish),Huso,Huso dauricus (Kaluga sturgeon) (Acipenser dauricus),KW-0372,KW-0903,KW-0964,<DUMMY>,<DUMMY>,<DUMMY>,<DUMMY>,<DUMMY>,<DUMMY>,<DUMMY>,<DUMMY>,<DUMMY>,<DUMMY>,<DUMMY>,GO:0005179,<DUMMY>,<DUMMY>,<DUMMY>,<DUMMY>,<DUMMY>,GO:0005576,<DUMMY>,<DUMMY>,<DUMMY>,<DUMMY>,<DUMMY>,<DUMMY>,<DUMMY>,<DUMMY>,<DUMMY>,<DUMMY>,<DUMMY>,<DUMMY>,<DUMMY>,<DUMMY>,<DUMMY>,<DUMMY>,<DUMMY>,<DUMMY>,<DUMMY>,<DUMMY>,<DUMMY>,<DUMMY>,<DUMMY>,<DUMMY>,<DUMMY>,<DUMMY>,<DUMMY>,<DUMMY>,<DUMMY>,<DUMMY>,<DUMMY>,<DUMMY>,<DUMMY>,<DUMMY>,<DUMMY>,<DUMMY>,<DUMMY>,<DUMMY>,<DUMMY>,<DUMMY>,<DUMMY>,<DUMMY>,<DUMMY>,<DUMMY>,<DUMMY>,<DUMMY>,<DUMMY>,<DUMMY>,<DUMMY>,<DUMMY>,<DUMMY>,<DUMMY>,<DUMMY>,HSQGMFTNDYSKYLEEKLAQEFVEWLKNGKS
Eukaryota,Metazoa,Chordata,Actinopteri,Acipenseriformes (sturgeons and paddlefish),Huso,Huso dauricus (Kaluga sturgeon) (Acipenser dauricus),KW-0372,KW-0903,KW-0964,<DUMMY>,<DUMMY>,<DUMMY>,<DUMMY>,<DUMMY>,<DUMMY>,<DUMMY>,<DUMMY>,<DUMMY>,<DUMMY>,<DUMMY>,GO:0005179,<DUMMY>,<DUMMY>,<DUMMY>,<DUMMY>,<DUMMY>,GO:0005576,<DUMMY>,<DUMMY>,<DUMMY>,<DUMMY>,<DUMMY>,<DUMMY>,<DUMMY>,<DUMMY>,<DUMMY>,<DUMMY>,<DUMMY>,<DUMMY>,<DUMMY>,<DUMMY>,<DUMMY>,<DUMMY>,<DUMMY>,<DUMMY>,<DUMMY>,<DUMMY>,<DUMMY>,<DUMMY>,<DUMMY>,<DUMMY>,<DUMMY>,<DUMMY>,<DUMMY>,<DUMMY>,<DUMMY>,<DUMMY>,<DUMMY>,<DUMMY>,<DUMMY>,<DUMMY>,<DUMMY>,<DUMMY>,<DUMMY>,<DUMMY>,<DUMMY>,<DUMMY>,<DUMMY>,<DUMMY>,<DUMMY>,<DUMMY>,<DUMMY>,<DUMMY>,<DUMMY>,<DUMMY>,<DUMMY>,<DUMMY>,<DUMMY>,<DUMMY>,<DUMMY>,HSQGMFTNDFSKYLEEEHAKEFVEWLKNGKS
Eukaryota,Metazoa,Chordata,Actinopteri,Anguilliformes (true eels),Anguilla,Anguilla rostrata (American eel) (Muraena rostrata),KW-0027,KW-0903,KW-0964,<DUMMY>,<DUMMY>,<DUMMY>,<DUMMY>,<DUMMY>,<DUMMY>,<DUMMY>,<DUMMY>,<DUMMY>,<DUMMY>,<DUMMY>,GO:0005179,<DUMMY>,<DUMMY>,<DUMMY>,<DUMMY>,<DUMMY>,GO:0005576,<DUMMY>,<DUMMY>,<DUMMY>,<DUMMY>,<DUMMY>,<DUMMY>,<DUMMY>,<DUMMY>,<DUMMY>,<DUMMY>,<DUMMY>,<DUMMY>,<DUMMY>,<DUMMY>,<DUMMY>,<DUMMY>,<DUMMY>,<DUMMY>,<DUMMY>,<DUMMY>,<DUMMY>,<DUMMY>,<DUMMY>,<DUMMY>,<DUMMY>,<DUMMY>,<DUMMY>,<DUMMY>,<DUMMY>,<DUMMY>,<DUMMY>,<DUMMY>,<DUMMY>,<DUMMY>,<DUMMY>,<DUMMY>,<DUMMY>,<DUMMY>,<DUMMY>,<DUMMY>,<DUMMY>,<DUMMY>,<DUMMY>,<DUMMY>,<DUMMY>,<DUMMY>,<DUMMY>,<DUMMY>,<DUMMY>,<DUMMY>,<DUMMY>,<DUMMY>,<DUMMY>,HAEGTYTSDVSSYLQDQAAKEFVSWLKTGR
Eukaryota,Metazoa,Chordata,Actinopteri,Uranoscopiformes (stargazers and others),Uranoscopus,Uranoscopus japonicus (Japanese stargazer),KW-0027,KW-0372,KW-0903,KW-0964,<DUMMY>,<DUMMY>,<DUMMY>,<DUMMY>,<DUMMY>,<DUMMY>,<DUMMY>,<DUMMY>,<DUMMY>,<DUMMY>,GO:0016521,GO:0031858,<DUMMY>,<DUMMY>,<DUMMY>,<DUMMY>,GO:0005576,<DUMMY>,<DUMMY>,<DUMMY>,<DUMMY>,<DUMMY>,<DUMMY>,<DUMMY>,<DUMMY>,<DUMMY>,GO:0007186,GO:0030073,<DUMMY>,<DUMMY>,<DUMMY>,<DUMMY>,<DUMMY>,<DUMMY>,<DUMMY>,<DUMMY>,<DUMMY>,<DUMMY>,<DUMMY>,<DUMMY>,<DUMMY>,<DUMMY>,<DUMMY>,<DUMMY>,<DUMMY>,<DUMMY>,<DUMMY>,<DUMMY>,<DUMMY>,<DUMMY>,<DUMMY>,<DUMMY>,<DUMMY>,<DUMMY>,<DUMMY>,<DUMMY>,<DUMMY>,<DUMMY>,<DUMMY>,<DUMMY>,<DUMMY>,<DUMMY>,<DUMMY>,<DUMMY>,<DUMMY>,<DUMMY>,<DUMMY>,<DUMMY>,<DUMMY>,<DUMMY>,HSDGIFTDSYSRYRKQMAVQKYLAAVLGRRYRQRVRNK
Eukaryota,Metazoa,Chordata,Hyperoartia,Petromyzontiformes,Lampetra,Lampetra fluviatilis (European river lamprey) (Petromyzon fluviatilis),KW-0372,KW-0903,KW-0964,<DUMMY>,<DUMMY>,<DUMMY>,<DUMMY>,<DUMMY>,<DUMMY>,<DUMMY>,<DUMMY>,<DUMMY>,<DUMMY>,<DUMMY>,GO:0005179,<DUMMY>,<DUMMY>,<DUMMY>,<DUMMY>,<DUMMY>,GO:0005576,<DUMMY>,<DUMMY>,<DUMMY>,<DUMMY>,<DUMMY>,<DUMMY>,<DUMMY>,<DUMMY>,<DUMMY>,<DUMMY>,<DUMMY>,<DUMMY>,<DUMMY>,<DUMMY>,<DUMMY>,<DUMMY>,<DUMMY>,<DUMMY>,<DUMMY>,<DUMMY>,<DUMMY>,<DUMMY>,<DUMMY>,<DUMMY>,<DUMMY>,<DUMMY>,<DUMMY>,<DUMMY>,<DUMMY>,<DUMMY>,<DUMMY>,<DUMMY>,<DUMMY>,<DUMMY>,<DUMMY>,<DUMMY>,<DUMMY>,<DUMMY>,<DUMMY>,<DUMMY>,<DUMMY>,<DUMMY>,<DUMMY>,<DUMMY>,<DUMMY>,<DUMMY>,<DUMMY>,<DUMMY>,<DUMMY>,<DUMMY>,<DUMMY>,<DUMMY>,<DUMMY>,HSQGSFTSDYSKYLDSKQAKDFVIWLMNT
Eukaryota,Metazoa,Chordata,Mammalia,Carnivora,Canis,Canis lupus (Gray wolf),KW-0027,KW-0372,KW-0903,KW-0964,KW-1185,<DUMMY>,<DUMMY>,<DUMMY>,<DUMMY>,<DUMMY>,<DUMMY>,<DUMMY>,<DUMMY>,<DUMMY>,GO:0046659,<DUMMY>,<DUMMY>,<DUMMY>,<DUMMY>,<DUMMY>,GO:0005576,<DUMMY>,<DUMMY>,<DUMMY>,<DUMMY>,<DUMMY>,<DUMMY>,<DUMMY>,<DUMMY>,<DUMMY>,GO:0002024,GO:0021766,GO:0050996,GO:0032098,GO:0048167,GO:0031667,<DUMMY>,<DUMMY>,<DUMMY>,<DUMMY>,<DUMMY>,<DUMMY>,<DUMMY>,<DUMMY>,<DUMMY>,<DUMMY>,<DUMMY>,<DUMMY>,<DUMMY>,<DUMMY>,<DUMMY>,<DUMMY>,<DUMMY>,<DUMMY>,<DUMMY>,<DUMMY>,<DUMMY>,<DUMMY>,<DUMMY>,<DUMMY>,<DUMMY>,<DUMMY>,<DUMMY>,<DUMMY>,<DUMMY>,<DUMMY>,<DUMMY>,<DUMMY>,<DUMMY>,<DUMMY>,<DUMMY>,<DUMMY>,<DUMMY>,<DUMMY>,HSDGTFTSELSRLRESARLQRLLQGLV
Eukaryota,Metazoa,Chordata,Aves,Struthioniformes (ostriches),Struthio,Struthio camelus (Common ostrich),KW-0372,KW-0903,KW-0964,<DUMMY>,<DUMMY>,<DUMMY>,<DUMMY>,<DUMMY>,<DUMMY>,<DUMMY>,<DUMMY>,<DUMMY>,<DUMMY>,<DUMMY>,GO:0005179,<DUMMY>,<DUMMY>,<DUMMY>,<DUMMY>,<DUMMY>,GO:0005576,<DUMMY>,<DUMMY>,<DUMMY>,<DUMMY>,<DUMMY>,<DUMMY>,<DUMMY>,<DUMMY>,<DUMMY>,<DUMMY>,<DUMMY>,<DUMMY>,<DUMMY>,<DUMMY>,<DUMMY>,<DUMMY>,<DUMMY>,<DUMMY>,<DUMMY>,<DUMMY>,<DUMMY>,<DUMMY>,<DUMMY>,<DUMMY>,<DUMMY>,<DUMMY>,<DUMMY>,<DUMMY>,<DUMMY>,<DUMMY>,<DUMMY>,<DUMMY>,<DUMMY>,<DUMMY>,<DUMMY>,<DUMMY>,<DUMMY>,<DUMMY>,<DUMMY>,<DUMMY>,<DUMMY>,<DUMMY>,<DUMMY>,<DUMMY>,<DUMMY>,<DUMMY>,<DUMMY>,<DUMMY>,<DUMMY>,<DUMMY>,<DUMMY>,<DUMMY>,<DUMMY>,HSQGTFTSDYSKYLDTRRAQDFVQWLMST
Eukaryota,Metazoa,Chordata,Mammalia,Artiodactyla,Camelus,Camelus dromedarius (Dromedary) (Arabian camel),KW-0372,KW-0597,KW-0903,KW-0964,<DUMMY>,<DUMMY>,<DUMMY>,<DUMMY>,<DUMMY>,<DUMMY>,<DUMMY>,<DUMMY>,<DUMMY>,<DUMMY>,GO:0005179,<DUMMY>,<DUMMY>,<DUMMY>,<DUMMY>,<DUMMY>,GO:0005576,<DUMMY>,<DUMMY>,<DUMMY>,<DUMMY>,<DUMMY>,<DUMMY>,<DUMMY>,<DUMMY>,<DUMMY>,<DUMMY>,<DUMMY>,<DUMMY>,<DUMMY>,<DUMMY>,<DUMMY>,<DUMMY>,<DUMMY>,<DUMMY>,<DUMMY>,<DUMMY>,<DUMMY>,<DUMMY>,<DUMMY>,<DUMMY>,<DUMMY>,<DUMMY>,<DUMMY>,<DUMMY>,<DUMMY>,<DUMMY>,<DUMMY>,<DUMMY>,<DUMMY>,<DUMMY>,<DUMMY>,<DUMMY>,<DUMMY>,<DUMMY>,<DUMMY>,<DUMMY>,<DUMMY>,<DUMMY>,<DUMMY>,<DUMMY>,<DUMMY>,<DUMMY>,<DUMMY>,<DUMMY>,<DUMMY>,<DUMMY>,<DUMMY>,<DUMMY>,<DUMMY>,HSQGTFTSDYSKYLDSRRAQDFVQWLMNT
Eukaryota,Metazoa,Chordata,Mammalia,Rodentia,Chinchilla,Chinchilla chinchilla (Short-tailed chinchilla) (Chinchilla brevicaudata),KW-0372,KW-0597,KW-0903,KW-0964,<DUMMY>,<DUMMY>,<DUMMY>,<DUMMY>,<DUMMY>,<DUMMY>,<DUMMY>,<DUMMY>,<DUMMY>,<DUMMY>,GO:0005179,<DUMMY>,<DUMMY>,<DUMMY>,<DUMMY>,<DUMMY>,GO:0005576,<DUMMY>,<DUMMY>,<DUMMY>,<DUMMY>,<DUMMY>,<DUMMY>,<DUMMY>,<DUMMY>,<DUMMY>,<DUMMY>,<DUMMY>,<DUMMY>,<DUMMY>,<DUMMY>,<DUMMY>,<DUMMY>,<DUMMY>,<DUMMY>,<DUMMY>,<DUMMY>,<DUMMY>,<DUMMY>,<DUMMY>,<DUMMY>,<DUMMY>,<DUMMY>,<DUMMY>,<DUMMY>,<DUMMY>,<DUMMY>,<DUMMY>,<DUMMY>,<DUMMY>,<DUMMY>,<DUMMY>,<DUMMY>,<DUMMY>,<DUMMY>,<DUMMY>,<DUMMY>,<DUMMY>,<DUMMY>,<DUMMY>,<DUMMY>,<DUMMY>,<DUMMY>,<DUMMY>,<DUMMY>,<DUMMY>,<DUMMY>,<DUMMY>,<DUMMY>,<DUMMY>,HSQGTFTSDYSKHLDSRYAQEFVQWLMNT
Eukaryota,Metazoa,Chordata,Aves,"Anseriformes (ducks, geese and swans)",Anas (ducks),Anas platyrhynchos (Mallard) (Anas boschas),KW-0372,KW-0903,KW-0964,<DUMMY>,<DUMMY>,<DUMMY>,<DUMMY>,<DUMMY>,<DUMMY>,<DUMMY>,<DUMMY>,<DUMMY>,<DUMMY>,<DUMMY>,GO:0005179,<DUMMY>,<DUMMY>,<DUMMY>,<DUMMY>,<DUMMY>,GO:0005576,<DUMMY>,<DUMMY>,<DUMMY>,<DUMMY>,<DUMMY>,<DUMMY>,<DUMMY>,<DUMMY>,<DUMMY>,<DUMMY>,<DUMMY>,<DUMMY>,<DUMMY>,<DUMMY>,<DUMMY>,<DUMMY>,<DUMMY>,<DUMMY>,<DUMMY>,<DUMMY>,<DUMMY>,<DUMMY>,<DUMMY>,<DUMMY>,<DUMMY>,<DUMMY>,<DUMMY>,<DUMMY>,<DUMMY>,<DUMMY>,<DUMMY>,<DUMMY>,<DUMMY>,<DUMMY>,<DUMMY>,<DUMMY>,<DUMMY>,<DUMMY>,<DUMMY>,<DUMMY>,<DUMMY>,<DUMMY>,<DUMMY>,<DUMMY>,<DUMMY>,<DUMMY>,<DUMMY>,<DUMMY>,<DUMMY>,<DUMMY>,<DUMMY>,<DUMMY>,<DUMMY>,HSQGTFTSDYSKYLDTRRAQDFVQWLMST
Eukaryota,Metazoa,Chordata,Actinopteri,Acipenseriformes (sturgeons and paddlefish),Huso,Huso dauricus (Kaluga sturgeon) (Acipenser dauricus),KW-0372,KW-0903,KW-0964,<DUMMY>,<DUMMY>,<DUMMY>,<DUMMY>,<DUMMY>,<DUMMY>,<DUMMY>,<DUMMY>,<DUMMY>,<DUMMY>,<DUMMY>,GO:0005179,<DUMMY>,<DUMMY>,<DUMMY>,<DUMMY>,<DUMMY>,GO:0005576,<DUMMY>,<DUMMY>,<DUMMY>,<DUMMY>,<DUMMY>,<DUMMY>,<DUMMY>,<DUMMY>,<DUMMY>,<DUMMY>,<DUMMY>,<DUMMY>,<DUMMY>,<DUMMY>,<DUMMY>,<DUMMY>,<DUMMY>,<DUMMY>,<DUMMY>,<DUMMY>,<DUMMY>,<DUMMY>,<DUMMY>,<DUMMY>,<DUMMY>,<DUMMY>,<DUMMY>,<DUMMY>,<DUMMY>,<DUMMY>,<DUMMY>,<DUMMY>,<DUMMY>,<DUMMY>,<DUMMY>,<DUMMY>,<DUMMY>,<DUMMY>,<DUMMY>,<DUMMY>,<DUMMY>,<DUMMY>,<DUMMY>,<DUMMY>,<DUMMY>,<DUMMY>,<DUMMY>,<DUMMY>,<DUMMY>,<DUMMY>,<DUMMY>,<DUMMY>,<DUMMY>,HSQGMFTNDYSKYLEEKSAKEFVEWLKNGKS
Eukaryota,Metazoa,Chordata,Actinopteri,Acipenseriformes (sturgeons and paddlefish),Huso,Huso dauricus (Kaluga sturgeon) (Acipenser dauricus),KW-0372,KW-0903,KW-0964,<DUMMY>,<DUMMY>,<DUMMY>,<DUMMY>,<DUMMY>,<DUMMY>,<DUMMY>,<DUMMY>,<DUMMY>,<DUMMY>,<DUMMY>,GO:0005179,<DUMMY>,<DUMMY>,<DUMMY>,<DUMMY>,<DUMMY>,GO:0005576,<DUMMY>,<DUMMY>,<DUMMY>,<DUMMY>,<DUMMY>,<DUMMY>,<DUMMY>,<DUMMY>,<DUMMY>,<DUMMY>,<DUMMY>,<DUMMY>,<DUMMY>,<DUMMY>,<DUMMY>,<DUMMY>,<DUMMY>,<DUMMY>,<DUMMY>,<DUMMY>,<DUMMY>,<DUMMY>,<DUMMY>,<DUMMY>,<DUMMY>,<DUMMY>,<DUMMY>,<DUMMY>,<DUMMY>,<DUMMY>,<DUMMY>,<DUMMY>,<DUMMY>,<DUMMY>,<DUMMY>,<DUMMY>,<DUMMY>,<DUMMY>,<DUMMY>,<DUMMY>,<DUMMY>,<DUMMY>,<DUMMY>,<DUMMY>,<DUMMY>,<DUMMY>,<DUMMY>,<DUMMY>,<DUMMY>,<DUMMY>,<DUMMY>,<DUMMY>,<DUMMY>,HSQGMFTNDYSKYLEEKRAKEFVEWLKNGESKRQGMS
Eukaryota,Metazoa,Chordata,Chondrichthyes,Chimaeriformes (chimaeras),Callorhinchus,Callorhinchus milii (Ghost shark),KW-0372,KW-0903,KW-0964,KW-1185,<DUMMY>,<DUMMY>,<DUMMY>,<DUMMY>,<DUMMY>,<DUMMY>,<DUMMY>,<DUMMY>,<DUMMY>,<DUMMY>,GO:0005179,<DUMMY>,<DUMMY>,<DUMMY>,<DUMMY>,<DUMMY>,GO:0005576,<DUMMY>,<DUMMY>,<DUMMY>,<DUMMY>,<DUMMY>,<DUMMY>,<DUMMY>,<DUMMY>,<DUMMY>,<DUMMY>,<DUMMY>,<DUMMY>,<DUMMY>,<DUMMY>,<DUMMY>,<DUMMY>,<DUMMY>,<DUMMY>,<DUMMY>,<DUMMY>,<DUMMY>,<DUMMY>,<DUMMY>,<DUMMY>,<DUMMY>,<DUMMY>,<DUMMY>,<DUMMY>,<DUMMY>,<DUMMY>,<DUMMY>,<DUMMY>,<DUMMY>,<DUMMY>,<DUMMY>,<DUMMY>,<DUMMY>,<DUMMY>,<DUMMY>,<DUMMY>,<DUMMY>,<DUMMY>,<DUMMY>,<DUMMY>,<DUMMY>,<DUMMY>,<DUMMY>,<DUMMY>,<DUMMY>,<DUMMY>,<DUMMY>,<DUMMY>,<DUMMY>,HSEGTFSSDYSKYLDSRRAKDFVQWLMST
Eukaryota,Metazoa,Chordata,Chondrichthyes,Chimaeriformes (chimaeras),Hydrolagus,Hydrolagus colliei (Spotted ratfish) (Chimaera colliei),KW-0903,KW-0964,<DUMMY>,<DUMMY>,<DUMMY>,<DUMMY>,<DUMMY>,<DUMMY>,<DUMMY>,<DUMMY>,<DUMMY>,<DUMMY>,<DUMMY>,<DUMMY>,GO:0005179,<DUMMY>,<DUMMY>,<DUMMY>,<DUMMY>,<DUMMY>,GO:0005576,<DUMMY>,<DUMMY>,<DUMMY>,<DUMMY>,<DUMMY>,<DUMMY>,<DUMMY>,<DUMMY>,<DUMMY>,<DUMMY>,<DUMMY>,<DUMMY>,<DUMMY>,<DUMMY>,<DUMMY>,<DUMMY>,<DUMMY>,<DUMMY>,<DUMMY>,<DUMMY>,<DUMMY>,<DUMMY>,<DUMMY>,<DUMMY>,<DUMMY>,<DUMMY>,<DUMMY>,<DUMMY>,<DUMMY>,<DUMMY>,<DUMMY>,<DUMMY>,<DUMMY>,<DUMMY>,<DUMMY>,<DUMMY>,<DUMMY>,<DUMMY>,<DUMMY>,<DUMMY>,<DUMMY>,<DUMMY>,<DUMMY>,<DUMMY>,<DUMMY>,<DUMMY>,<DUMMY>,<DUMMY>,<DUMMY>,<DUMMY>,<DUMMY>,<DUMMY>,<DUMMY>,HTDGIFSSDYSKYLDNRRTKDFVQWLLSTKRNGANT
Eukaryota,Metazoa,Chordata,Actinopteri,Anguilliformes (true eels),Anguilla,Anguilla anguilla (European freshwater eel) (Muraena anguilla),KW-0027,KW-0903,KW-0964,<DUMMY>,<DUMMY>,<DUMMY>,<DUMMY>,<DUMMY>,<DUMMY>,<DUMMY>,<DUMMY>,<DUMMY>,<DUMMY>,<DUMMY>,GO:0005179,<DUMMY>,<DUMMY>,<DUMMY>,<DUMMY>,<DUMMY>,GO:0005576,<DUMMY>,<DUMMY>,<DUMMY>,<DUMMY>,<DUMMY>,<DUMMY>,<DUMMY>,<DUMMY>,<DUMMY>,<DUMMY>,<DUMMY>,<DUMMY>,<DUMMY>,<DUMMY>,<DUMMY>,<DUMMY>,<DUMMY>,<DUMMY>,<DUMMY>,<DUMMY>,<DUMMY>,<DUMMY>,<DUMMY>,<DUMMY>,<DUMMY>,<DUMMY>,<DUMMY>,<DUMMY>,<DUMMY>,<DUMMY>,<DUMMY>,<DUMMY>,<DUMMY>,<DUMMY>,<DUMMY>,<DUMMY>,<DUMMY>,<DUMMY>,<DUMMY>,<DUMMY>,<DUMMY>,<DUMMY>,<DUMMY>,<DUMMY>,<DUMMY>,<DUMMY>,<DUMMY>,<DUMMY>,<DUMMY>,<DUMMY>,<DUMMY>,<DUMMY>,<DUMMY>,HAEGTYTSDVSSYLQDQAAKEFVSWLKTGR
Eukaryota,Metazoa,Chordata,Mammalia,Didelphimorphia,Didelphis,Didelphis virginiana (North American opossum) (Didelphis marsupialis virginiana),KW-0372,KW-0597,KW-0903,KW-0964,<DUMMY>,<DUMMY>,<DUMMY>,<DUMMY>,<DUMMY>,<DUMMY>,<DUMMY>,<DUMMY>,<DUMMY>,<DUMMY>,GO:0005179,<DUMMY>,<DUMMY>,<DUMMY>,<DUMMY>,<DUMMY>,GO:0005576,<DUMMY>,<DUMMY>,<DUMMY>,<DUMMY>,<DUMMY>,<DUMMY>,<DUMMY>,<DUMMY>,<DUMMY>,<DUMMY>,<DUMMY>,<DUMMY>,<DUMMY>,<DUMMY>,<DUMMY>,<DUMMY>,<DUMMY>,<DUMMY>,<DUMMY>,<DUMMY>,<DUMMY>,<DUMMY>,<DUMMY>,<DUMMY>,<DUMMY>,<DUMMY>,<DUMMY>,<DUMMY>,<DUMMY>,<DUMMY>,<DUMMY>,<DUMMY>,<DUMMY>,<DUMMY>,<DUMMY>,<DUMMY>,<DUMMY>,<DUMMY>,<DUMMY>,<DUMMY>,<DUMMY>,<DUMMY>,<DUMMY>,<DUMMY>,<DUMMY>,<DUMMY>,<DUMMY>,<DUMMY>,<DUMMY>,<DUMMY>,<DUMMY>,<DUMMY>,<DUMMY>,HSQGTFTSDYSKYLDSRRAQDFVQWLMST
Eukaryota,Metazoa,Chordata,Actinopteri,Scombriformes,Thunnus,Thunnus obesus (Bigeye tuna),KW-0372,KW-0903,KW-0964,<DUMMY>,<DUMMY>,<DUMMY>,<DUMMY>,<DUMMY>,<DUMMY>,<DUMMY>,<DUMMY>,<DUMMY>,<DUMMY>,<DUMMY>,GO:0005179,<DUMMY>,<DUMMY>,<DUMMY>,<DUMMY>,<DUMMY>,GO:0005576,<DUMMY>,<DUMMY>,<DUMMY>,<DUMMY>,<DUMMY>,<DUMMY>,<DUMMY>,<DUMMY>,<DUMMY>,<DUMMY>,<DUMMY>,<DUMMY>,<DUMMY>,<DUMMY>,<DUMMY>,<DUMMY>,<DUMMY>,<DUMMY>,<DUMMY>,<DUMMY>,<DUMMY>,<DUMMY>,<DUMMY>,<DUMMY>,<DUMMY>,<DUMMY>,<DUMMY>,<DUMMY>,<DUMMY>,<DUMMY>,<DUMMY>,<DUMMY>,<DUMMY>,<DUMMY>,<DUMMY>,<DUMMY>,<DUMMY>,<DUMMY>,<DUMMY>,<DUMMY>,<DUMMY>,<DUMMY>,<DUMMY>,<DUMMY>,<DUMMY>,<DUMMY>,<DUMMY>,<DUMMY>,<DUMMY>,<DUMMY>,<DUMMY>,<DUMMY>,<DUMMY>,HSEGTFSNDYSKYLETRRAQDFVQWLKNS
Eukaryota,Metazoa,Chordata,Chondrichthyes,Torpediniformes,Torpedo,Torpedo marmorata (Marbled electric ray),KW-0372,KW-0903,KW-0964,<DUMMY>,<DUMMY>,<DUMMY>,<DUMMY>,<DUMMY>,<DUMMY>,<DUMMY>,<DUMMY>,<DUMMY>,<DUMMY>,<DUMMY>,GO:0005179,<DUMMY>,<DUMMY>,<DUMMY>,<DUMMY>,<DUMMY>,GO:0005576,<DUMMY>,<DUMMY>,<DUMMY>,<DUMMY>,<DUMMY>,<DUMMY>,<DUMMY>,<DUMMY>,<DUMMY>,<DUMMY>,<DUMMY>,<DUMMY>,<DUMMY>,<DUMMY>,<DUMMY>,<DUMMY>,<DUMMY>,<DUMMY>,<DUMMY>,<DUMMY>,<DUMMY>,<DUMMY>,<DUMMY>,<DUMMY>,<DUMMY>,<DUMMY>,<DUMMY>,<DUMMY>,<DUMMY>,<DUMMY>,<DUMMY>,<DUMMY>,<DUMMY>,<DUMMY>,<DUMMY>,<DUMMY>,<DUMMY>,<DUMMY>,<DUMMY>,<DUMMY>,<DUMMY>,<DUMMY>,<DUMMY>,<DUMMY>,<DUMMY>,<DUMMY>,<DUMMY>,<DUMMY>,<DUMMY>,<DUMMY>,<DUMMY>,<DUMMY>,<DUMMY>,HSEGTFTSDYSKYLDNRRAKDFVQWLMNT
Eukaryota,Metazoa,Chordata,Actinopteri,Cichliformes (cichlids and convict blennies),Oreochromis,Oreochromis niloticus (Nile tilapia) (Tilapia nilotica),KW-0372,KW-0903,KW-0964,KW-1185,<DUMMY>,<DUMMY>,<DUMMY>,<DUMMY>,<DUMMY>,<DUMMY>,<DUMMY>,<DUMMY>,<DUMMY>,<DUMMY>,GO:0005179,<DUMMY>,<DUMMY>,<DUMMY>,<DUMMY>,<DUMMY>,GO:0005576,<DUMMY>,<DUMMY>,<DUMMY>,<DUMMY>,<DUMMY>,<DUMMY>,<DUMMY>,<DUMMY>,<DUMMY>,<DUMMY>,<DUMMY>,<DUMMY>,<DUMMY>,<DUMMY>,<DUMMY>,<DUMMY>,<DUMMY>,<DUMMY>,<DUMMY>,<DUMMY>,<DUMMY>,<DUMMY>,<DUMMY>,<DUMMY>,<DUMMY>,<DUMMY>,<DUMMY>,<DUMMY>,<DUMMY>,<DUMMY>,<DUMMY>,<DUMMY>,<DUMMY>,<DUMMY>,<DUMMY>,<DUMMY>,<DUMMY>,<DUMMY>,<DUMMY>,<DUMMY>,<DUMMY>,<DUMMY>,<DUMMY>,<DUMMY>,<DUMMY>,<DUMMY>,<DUMMY>,<DUMMY>,<DUMMY>,<DUMMY>,<DUMMY>,<DUMMY>,<DUMMY>,HSEGTFSNDYSKYLEDRKAQDFVRWLMNNKRSGAAE
Eukaryota,Metazoa,Chordata,Aves,Galliformes,Meleagris,Meleagris gallopavo (Wild turkey),KW-0372,KW-0903,KW-0964,KW-1185,<DUMMY>,<DUMMY>,<DUMMY>,<DUMMY>,<DUMMY>,<DUMMY>,<DUMMY>,<DUMMY>,<DUMMY>,<DUMMY>,GO:0005179,<DUMMY>,<DUMMY>,<DUMMY>,<DUMMY>,<DUMMY>,GO:0005576,<DUMMY>,<DUMMY>,<DUMMY>,<DUMMY>,<DUMMY>,<DUMMY>,<DUMMY>,<DUMMY>,<DUMMY>,<DUMMY>,<DUMMY>,<DUMMY>,<DUMMY>,<DUMMY>,<DUMMY>,<DUMMY>,<DUMMY>,<DUMMY>,<DUMMY>,<DUMMY>,<DUMMY>,<DUMMY>,<DUMMY>,<DUMMY>,<DUMMY>,<DUMMY>,<DUMMY>,<DUMMY>,<DUMMY>,<DUMMY>,<DUMMY>,<DUMMY>,<DUMMY>,<DUMMY>,<DUMMY>,<DUMMY>,<DUMMY>,<DUMMY>,<DUMMY>,<DUMMY>,<DUMMY>,<DUMMY>,<DUMMY>,<DUMMY>,<DUMMY>,<DUMMY>,<DUMMY>,<DUMMY>,<DUMMY>,<DUMMY>,<DUMMY>,<DUMMY>,<DUMMY>,HSQGTFTSDYSKYLDSRRAQDFVQWLMST
Eukaryota,Metazoa,Chordata,Actinopteri,Cichliformes (cichlids and convict blennies),Oreochromis,Oreochromis niloticus (Nile tilapia) (Tilapia nilotica),KW-0372,KW-0903,KW-0964,KW-1185,<DUMMY>,<DUMMY>,<DUMMY>,<DUMMY>,<DUMMY>,<DUMMY>,<DUMMY>,<DUMMY>,<DUMMY>,<DUMMY>,GO:0005179,<DUMMY>,<DUMMY>,<DUMMY>,<DUMMY>,<DUMMY>,GO:0005576,<DUMMY>,<DUMMY>,<DUMMY>,<DUMMY>,<DUMMY>,<DUMMY>,<DUMMY>,<DUMMY>,<DUMMY>,<DUMMY>,<DUMMY>,<DUMMY>,<DUMMY>,<DUMMY>,<DUMMY>,<DUMMY>,<DUMMY>,<DUMMY>,<DUMMY>,<DUMMY>,<DUMMY>,<DUMMY>,<DUMMY>,<DUMMY>,<DUMMY>,<DUMMY>,<DUMMY>,<DUMMY>,<DUMMY>,<DUMMY>,<DUMMY>,<DUMMY>,<DUMMY>,<DUMMY>,<DUMMY>,<DUMMY>,<DUMMY>,<DUMMY>,<DUMMY>,<DUMMY>,<DUMMY>,<DUMMY>,<DUMMY>,<DUMMY>,<DUMMY>,<DUMMY>,<DUMMY>,<DUMMY>,<DUMMY>,<DUMMY>,<DUMMY>,<DUMMY>,<DUMMY>,HAGTYTSDVSSYLQDQAAKEFVSWLKTGRGRRD
Eukaryota,Metazoa,Chordata,Actinopteri,Pleuronectiformes (flatfishes),Platichthys,Platichthys flesus (European flounder) (Pleuronectes flesus),KW-0372,KW-0903,KW-0964,<DUMMY>,<DUMMY>,<DUMMY>,<DUMMY>,<DUMMY>,<DUMMY>,<DUMMY>,<DUMMY>,<DUMMY>,<DUMMY>,<DUMMY>,GO:0005179,<DUMMY>,<DUMMY>,<DUMMY>,<DUMMY>,<DUMMY>,GO:0005576,<DUMMY>,<DUMMY>,<DUMMY>,<DUMMY>,<DUMMY>,<DUMMY>,<DUMMY>,<DUMMY>,<DUMMY>,<DUMMY>,<DUMMY>,<DUMMY>,<DUMMY>,<DUMMY>,<DUMMY>,<DUMMY>,<DUMMY>,<DUMMY>,<DUMMY>,<DUMMY>,<DUMMY>,<DUMMY>,<DUMMY>,<DUMMY>,<DUMMY>,<DUMMY>,<DUMMY>,<DUMMY>,<DUMMY>,<DUMMY>,<DUMMY>,<DUMMY>,<DUMMY>,<DUMMY>,<DUMMY>,<DUMMY>,<DUMMY>,<DUMMY>,<DUMMY>,<DUMMY>,<DUMMY>,<DUMMY>,<DUMMY>,<DUMMY>,<DUMMY>,<DUMMY>,<DUMMY>,<DUMMY>,<DUMMY>,<DUMMY>,<DUMMY>,<DUMMY>,<DUMMY>,HSEGTFSNDYSKYLETRRAQDFVQWLKNS
Eukaryota,Metazoa,Chordata,<DUMMY>,Crocodylia (alligators and others),Alligator,Alligator mississippiensis (American alligator),KW-0027,KW-0372,KW-0903,KW-0964,<DUMMY>,<DUMMY>,<DUMMY>,<DUMMY>,<DUMMY>,<DUMMY>,<DUMMY>,<DUMMY>,<DUMMY>,<DUMMY>,GO:0005179,<DUMMY>,<DUMMY>,<DUMMY>,<DUMMY>,<DUMMY>,GO:0005576,<DUMMY>,<DUMMY>,<DUMMY>,<DUMMY>,<DUMMY>,<DUMMY>,<DUMMY>,<DUMMY>,<DUMMY>,GO:0048255,GO:0070459,<DUMMY>,<DUMMY>,<DUMMY>,<DUMMY>,<DUMMY>,<DUMMY>,<DUMMY>,<DUMMY>,<DUMMY>,<DUMMY>,<DUMMY>,<DUMMY>,<DUMMY>,<DUMMY>,<DUMMY>,<DUMMY>,<DUMMY>,<DUMMY>,<DUMMY>,<DUMMY>,<DUMMY>,<DUMMY>,<DUMMY>,<DUMMY>,<DUMMY>,<DUMMY>,<DUMMY>,<DUMMY>,<DUMMY>,<DUMMY>,<DUMMY>,<DUMMY>,<DUMMY>,<DUMMY>,<DUMMY>,<DUMMY>,<DUMMY>,<DUMMY>,<DUMMY>,<DUMMY>,<DUMMY>,<DUMMY>,HSDAVFTDNYSRFRKQMAVKKYLNSVLT
Eukaryota,Metazoa,Chordata,Mammalia,Carnivora,Canis,Canis lupus (Gray wolf),KW-0027,KW-0372,KW-0903,KW-0964,KW-1185,<DUMMY>,<DUMMY>,<DUMMY>,<DUMMY>,<DUMMY>,<DUMMY>,<DUMMY>,<DUMMY>,<DUMMY>,GO:0005179,<DUMMY>,<DUMMY>,<DUMMY>,<DUMMY>,<DUMMY>,GO:0005576,<DUMMY>,<DUMMY>,<DUMMY>,<DUMMY>,<DUMMY>,<DUMMY>,<DUMMY>,<DUMMY>,<DUMMY>,GO:0007189,GO:0048255,GO:0045732,GO:0070459,GO:0032880,<DUMMY>,<DUMMY>,<DUMMY>,<DUMMY>,<DUMMY>,<DUMMY>,<DUMMY>,<DUMMY>,<DUMMY>,<DUMMY>,<DUMMY>,<DUMMY>,<DUMMY>,<DUMMY>,<DUMMY>,<DUMMY>,<DUMMY>,<DUMMY>,<DUMMY>,<DUMMY>,<DUMMY>,<DUMMY>,<DUMMY>,<DUMMY>,<DUMMY>,<DUMMY>,<DUMMY>,<DUMMY>,<DUMMY>,<DUMMY>,<DUMMY>,<DUMMY>,<DUMMY>,<DUMMY>,<DUMMY>,<DUMMY>,<DUMMY>,<DUMMY>,<DUMMY>,HSDAVFTDNYTRLRKQMAVKKYLNSILN
Eukaryota,Metazoa,Chordata,Mammalia,Artiodactyla,Ovis,Ovis aries (Sheep),KW-0027,KW-0372,KW-0903,KW-0964,KW-1185,<DUMMY>,<DUMMY>,<DUMMY>,<DUMMY>,<DUMMY>,<DUMMY>,<DUMMY>,<DUMMY>,<DUMMY>,GO:0046659,GO:0005179,<DUMMY>,<DUMMY>,<DUMMY>,<DUMMY>,GO:0005615,<DUMMY>,<DUMMY>,<DUMMY>,<DUMMY>,<DUMMY>,<DUMMY>,<DUMMY>,<DUMMY>,<DUMMY>,GO:0009992,GO:0002024,GO:0021766,GO:0050996,GO:0032098,GO:0048167,GO:0031667,<DUMMY>,<DUMMY>,<DUMMY>,<DUMMY>,<DUMMY>,<DUMMY>,<DUMMY>,<DUMMY>,<DUMMY>,<DUMMY>,<DUMMY>,<DUMMY>,<DUMMY>,<DUMMY>,<DUMMY>,<DUMMY>,<DUMMY>,<DUMMY>,<DUMMY>,<DUMMY>,<DUMMY>,<DUMMY>,<DUMMY>,<DUMMY>,<DUMMY>,<DUMMY>,<DUMMY>,<DUMMY>,<DUMMY>,<DUMMY>,<DUMMY>,<DUMMY>,<DUMMY>,<DUMMY>,<DUMMY>,<DUMMY>,<DUMMY>,HSDGTFTSELSRLRDSARLQRLLQGLV
Eukaryota,Metazoa,Chordata,Amphibia,Anura,Pelophylax,Pelophylax ridibundus (Marsh frog) (Rana ridibunda),KW-0027,KW-0372,KW-0903,KW-0964,<DUMMY>,<DUMMY>,<DUMMY>,<DUMMY>,<DUMMY>,<DUMMY>,<DUMMY>,<DUMMY>,<DUMMY>,<DUMMY>,GO:0005179,<DUMMY>,<DUMMY>,<DUMMY>,<DUMMY>,<DUMMY>,GO:0005576,<DUMMY>,<DUMMY>,<DUMMY>,<DUMMY>,<DUMMY>,<DUMMY>,<DUMMY>,<DUMMY>,<DUMMY>,GO:0048255,GO:0070459,<DUMMY>,<DUMMY>,<DUMMY>,<DUMMY>,<DUMMY>,<DUMMY>,<DUMMY>,<DUMMY>,<DUMMY>,<DUMMY>,<DUMMY>,<DUMMY>,<DUMMY>,<DUMMY>,<DUMMY>,<DUMMY>,<DUMMY>,<DUMMY>,<DUMMY>,<DUMMY>,<DUMMY>,<DUMMY>,<DUMMY>,<DUMMY>,<DUMMY>,<DUMMY>,<DUMMY>,<DUMMY>,<DUMMY>,<DUMMY>,<DUMMY>,<DUMMY>,<DUMMY>,<DUMMY>,<DUMMY>,<DUMMY>,<DUMMY>,<DUMMY>,<DUMMY>,<DUMMY>,<DUMMY>,<DUMMY>,HSDAVFTDNYSRFRKQMAVKKYLNSVLT
Eukaryota,Metazoa,Chordata,Actinopteri,Amiiformes,Amia,Amia calva (Bowfin),KW-0027,KW-0372,KW-0903,KW-0964,<DUMMY>,<DUMMY>,<DUMMY>,<DUMMY>,<DUMMY>,<DUMMY>,<DUMMY>,<DUMMY>,<DUMMY>,<DUMMY>,GO:0005179,<DUMMY>,<DUMMY>,<DUMMY>,<DUMMY>,<DUMMY>,GO:0005576,<DUMMY>,<DUMMY>,<DUMMY>,<DUMMY>,<DUMMY>,<DUMMY>,<DUMMY>,<DUMMY>,<DUMMY>,GO:0048255,GO:0070459,<DUMMY>,<DUMMY>,<DUMMY>,<DUMMY>,<DUMMY>,<DUMMY>,<DUMMY>,<DUMMY>,<DUMMY>,<DUMMY>,<DUMMY>,<DUMMY>,<DUMMY>,<DUMMY>,<DUMMY>,<DUMMY>,<DUMMY>,<DUMMY>,<DUMMY>,<DUMMY>,<DUMMY>,<DUMMY>,<DUMMY>,<DUMMY>,<DUMMY>,<DUMMY>,<DUMMY>,<DUMMY>,<DUMMY>,<DUMMY>,<DUMMY>,<DUMMY>,<DUMMY>,<DUMMY>,<DUMMY>,<DUMMY>,<DUMMY>,<DUMMY>,<DUMMY>,<DUMMY>,<DUMMY>,<DUMMY>,HSDAIFTDNYSRFRKQMAVKKYLNSVLT
Eukaryota,Metazoa,Chordata,Chondrichthyes,Carcharhiniformes (ground sharks),Scyliorhinus,Scyliorhinus canicula (Small-spotted catshark) (Squalus canicula),KW-0027,KW-0372,KW-0903,KW-0964,<DUMMY>,<DUMMY>,<DUMMY>,<DUMMY>,<DUMMY>,<DUMMY>,<DUMMY>,<DUMMY>,<DUMMY>,<DUMMY>,GO:0005179,<DUMMY>,<DUMMY>,<DUMMY>,<DUMMY>,<DUMMY>,GO:0005576,<DUMMY>,<DUMMY>,<DUMMY>,<DUMMY>,<DUMMY>,<DUMMY>,<DUMMY>,<DUMMY>,<DUMMY>,GO:0048255,GO:0070459,<DUMMY>,<DUMMY>,<DUMMY>,<DUMMY>,<DUMMY>,<DUMMY>,<DUMMY>,<DUMMY>,<DUMMY>,<DUMMY>,<DUMMY>,<DUMMY>,<DUMMY>,<DUMMY>,<DUMMY>,<DUMMY>,<DUMMY>,<DUMMY>,<DUMMY>,<DUMMY>,<DUMMY>,<DUMMY>,<DUMMY>,<DUMMY>,<DUMMY>,<DUMMY>,<DUMMY>,<DUMMY>,<DUMMY>,<DUMMY>,<DUMMY>,<DUMMY>,<DUMMY>,<DUMMY>,<DUMMY>,<DUMMY>,<DUMMY>,<DUMMY>,<DUMMY>,<DUMMY>,<DUMMY>,<DUMMY>,HSDAVFTDNYSRIRKQMAVKKYINSLLA
Eukaryota,Metazoa,Chordata,Mammalia,Primates,Macaca (macaques),Macaca mulatta (Rhesus macaque),KW-0027,KW-0372,KW-0903,KW-0964,KW-1185,<DUMMY>,<DUMMY>,<DUMMY>,<DUMMY>,<DUMMY>,<DUMMY>,<DUMMY>,<DUMMY>,<DUMMY>,GO:0005179,<DUMMY>,<DUMMY>,<DUMMY>,<DUMMY>,<DUMMY>,GO:0005576,<DUMMY>,<DUMMY>,<DUMMY>,<DUMMY>,<DUMMY>,<DUMMY>,<DUMMY>,<DUMMY>,<DUMMY>,GO:0048255,GO:0070459,<DUMMY>,<DUMMY>,<DUMMY>,<DUMMY>,<DUMMY>,<DUMMY>,<DUMMY>,<DUMMY>,<DUMMY>,<DUMMY>,<DUMMY>,<DUMMY>,<DUMMY>,<DUMMY>,<DUMMY>,<DUMMY>,<DUMMY>,<DUMMY>,<DUMMY>,<DUMMY>,<DUMMY>,<DUMMY>,<DUMMY>,<DUMMY>,<DUMMY>,<DUMMY>,<DUMMY>,<DUMMY>,<DUMMY>,<DUMMY>,<DUMMY>,<DUMMY>,<DUMMY>,<DUMMY>,<DUMMY>,<DUMMY>,<DUMMY>,<DUMMY>,<DUMMY>,<DUMMY>,<DUMMY>,<DUMMY>,HSDAVFTDNYTRLRKQMAVKKYLNSILN
Eukaryota,Metazoa,Chordata,Mammalia,Lagomorpha,Oryctolagus,Oryctolagus cuniculus (Rabbit),KW-0027,KW-0372,KW-0903,KW-0964,KW-1185,<DUMMY>,<DUMMY>,<DUMMY>,<DUMMY>,<DUMMY>,<DUMMY>,<DUMMY>,<DUMMY>,<DUMMY>,GO:0046659,GO:0005179,<DUMMY>,<DUMMY>,<DUMMY>,<DUMMY>,GO:0005615,<DUMMY>,<DUMMY>,<DUMMY>,<DUMMY>,<DUMMY>,<DUMMY>,<DUMMY>,<DUMMY>,<DUMMY>,GO:0009992,GO:0002024,GO:0021766,GO:0050996,GO:0032098,GO:0048167,GO:0031667,<DUMMY>,<DUMMY>,<DUMMY>,<DUMMY>,<DUMMY>,<DUMMY>,<DUMMY>,<DUMMY>,<DUMMY>,<DUMMY>,<DUMMY>,<DUMMY>,<DUMMY>,<DUMMY>,<DUMMY>,<DUMMY>,<DUMMY>,<DUMMY>,<DUMMY>,<DUMMY>,<DUMMY>,<DUMMY>,<DUMMY>,<DUMMY>,<DUMMY>,<DUMMY>,<DUMMY>,<DUMMY>,<DUMMY>,<DUMMY>,<DUMMY>,<DUMMY>,<DUMMY>,<DUMMY>,<DUMMY>,<DUMMY>,<DUMMY>,HSDGTLTSELSRLRDRARLQRLLQGLL
Eukaryota,Metazoa,Chordata,Mammalia,Artiodactyla,Capra,Capra hircus (Goat),KW-0027,KW-0372,KW-0903,KW-0964,KW-1185,<DUMMY>,<DUMMY>,<DUMMY>,<DUMMY>,<DUMMY>,<DUMMY>,<DUMMY>,<DUMMY>,<DUMMY>,GO:0005179,<DUMMY>,<DUMMY>,<DUMMY>,<DUMMY>,<DUMMY>,GO:0005576,<DUMMY>,<DUMMY>,<DUMMY>,<DUMMY>,<DUMMY>,<DUMMY>,<DUMMY>,<DUMMY>,<DUMMY>,GO:0048255,GO:0070459,<DUMMY>,<DUMMY>,<DUMMY>,<DUMMY>,<DUMMY>,<DUMMY>,<DUMMY>,<DUMMY>,<DUMMY>,<DUMMY>,<DUMMY>,<DUMMY>,<DUMMY>,<DUMMY>,<DUMMY>,<DUMMY>,<DUMMY>,<DUMMY>,<DUMMY>,<DUMMY>,<DUMMY>,<DUMMY>,<DUMMY>,<DUMMY>,<DUMMY>,<DUMMY>,<DUMMY>,<DUMMY>,<DUMMY>,<DUMMY>,<DUMMY>,<DUMMY>,<DUMMY>,<DUMMY>,<DUMMY>,<DUMMY>,<DUMMY>,<DUMMY>,<DUMMY>,<DUMMY>,<DUMMY>,<DUMMY>,HSDAVFTDNYTRLRKQMAVKKYLNSILN
Eukaryota,Metazoa,Chordata,Actinopteri,Salmoniformes (salmons and trouts),Oncorhynchus,Oncorhynchus mykiss (Rainbow trout) (Salmo gairdneri),KW-0027,KW-0372,KW-0903,KW-0964,<DUMMY>,<DUMMY>,<DUMMY>,<DUMMY>,<DUMMY>,<DUMMY>,<DUMMY>,<DUMMY>,<DUMMY>,<DUMMY>,GO:0005179,<DUMMY>,<DUMMY>,<DUMMY>,<DUMMY>,<DUMMY>,GO:0005576,<DUMMY>,<DUMMY>,<DUMMY>,<DUMMY>,<DUMMY>,<DUMMY>,<DUMMY>,<DUMMY>,<DUMMY>,GO:0048255,GO:0070459,<DUMMY>,<DUMMY>,<DUMMY>,<DUMMY>,<DUMMY>,<DUMMY>,<DUMMY>,<DUMMY>,<DUMMY>,<DUMMY>,<DUMMY>,<DUMMY>,<DUMMY>,<DUMMY>,<DUMMY>,<DUMMY>,<DUMMY>,<DUMMY>,<DUMMY>,<DUMMY>,<DUMMY>,<DUMMY>,<DUMMY>,<DUMMY>,<DUMMY>,<DUMMY>,<DUMMY>,<DUMMY>,<DUMMY>,<DUMMY>,<DUMMY>,<DUMMY>,<DUMMY>,<DUMMY>,<DUMMY>,<DUMMY>,<DUMMY>,<DUMMY>,<DUMMY>,<DUMMY>,<DUMMY>,<DUMMY>,HSDAIFTDNYSRFRKQMAVKKYLNSVLT
Eukaryota,Metazoa,Chordata,Mammalia,Rodentia,Cavia (guinea pigs),Cavia porcellus (Guinea pig),KW-0027,KW-0372,KW-0903,KW-0964,KW-1185,<DUMMY>,<DUMMY>,<DUMMY>,<DUMMY>,<DUMMY>,<DUMMY>,<DUMMY>,<DUMMY>,<DUMMY>,GO:0046659,GO:0005179,<DUMMY>,<DUMMY>,<DUMMY>,<DUMMY>,GO:0005615,<DUMMY>,<DUMMY>,<DUMMY>,<DUMMY>,<DUMMY>,<DUMMY>,<DUMMY>,<DUMMY>,<DUMMY>,GO:0009992,GO:0002024,GO:0021766,GO:0050996,GO:0032098,GO:0048167,GO:0031667,<DUMMY>,<DUMMY>,<DUMMY>,<DUMMY>,<DUMMY>,<DUMMY>,<DUMMY>,<DUMMY>,<DUMMY>,<DUMMY>,<DUMMY>,<DUMMY>,<DUMMY>,<DUMMY>,<DUMMY>,<DUMMY>,<DUMMY>,<DUMMY>,<DUMMY>,<DUMMY>,<DUMMY>,<DUMMY>,<DUMMY>,<DUMMY>,<DUMMY>,<DUMMY>,<DUMMY>,<DUMMY>,<DUMMY>,<DUMMY>,<DUMMY>,<DUMMY>,<DUMMY>,<DUMMY>,<DUMMY>,<DUMMY>,<DUMMY>,HSDGTFTSELSRLRDSARLQRLLQGLV
Eukaryota,Metazoa,Chordata,Mammalia,Artiodactyla,"Bos (oxen, cattle)",Bos taurus (Bovine),KW-0027,KW-0372,KW-0903,KW-0964,KW-1185,<DUMMY>,<DUMMY>,<DUMMY>,<DUMMY>,<DUMMY>,<DUMMY>,<DUMMY>,<DUMMY>,<DUMMY>,GO:0046659,GO:0005179,<DUMMY>,<DUMMY>,<DUMMY>,<DUMMY>,GO:0005615,<DUMMY>,<DUMMY>,<DUMMY>,<DUMMY>,<DUMMY>,<DUMMY>,<DUMMY>,<DUMMY>,<DUMMY>,GO:0009992,GO:0002024,GO:0021766,GO:0050996,GO:0032098,GO:0048167,GO:0031667,<DUMMY>,<DUMMY>,<DUMMY>,<DUMMY>,<DUMMY>,<DUMMY>,<DUMMY>,<DUMMY>,<DUMMY>,<DUMMY>,<DUMMY>,<DUMMY>,<DUMMY>,<DUMMY>,<DUMMY>,<DUMMY>,<DUMMY>,<DUMMY>,<DUMMY>,<DUMMY>,<DUMMY>,<DUMMY>,<DUMMY>,<DUMMY>,<DUMMY>,<DUMMY>,<DUMMY>,<DUMMY>,<DUMMY>,<DUMMY>,<DUMMY>,<DUMMY>,<DUMMY>,<DUMMY>,<DUMMY>,<DUMMY>,<DUMMY>,HSDGTFTSELSRLRDSARLQRLLQGLV
Eukaryota,Metazoa,Chordata,Mammalia,Didelphimorphia,Didelphis,Didelphis virginiana (North American opossum) (Didelphis marsupialis virginiana),KW-0027,KW-0372,KW-0903,KW-0964,<DUMMY>,<DUMMY>,<DUMMY>,<DUMMY>,<DUMMY>,<DUMMY>,<DUMMY>,<DUMMY>,<DUMMY>,<DUMMY>,GO:0005179,<DUMMY>,<DUMMY>,<DUMMY>,<DUMMY>,<DUMMY>,GO:0005576,<DUMMY>,<DUMMY>,<DUMMY>,<DUMMY>,<DUMMY>,<DUMMY>,<DUMMY>,<DUMMY>,<DUMMY>,<DUMMY>,<DUMMY>,<DUMMY>,<DUMMY>,<DUMMY>,<DUMMY>,<DUMMY>,<DUMMY>,<DUMMY>,<DUMMY>,<DUMMY>,<DUMMY>,<DUMMY>,<DUMMY>,<DUMMY>,<DUMMY>,<DUMMY>,<DUMMY>,<DUMMY>,<DUMMY>,<DUMMY>,<DUMMY>,<DUMMY>,<DUMMY>,<DUMMY>,<DUMMY>,<DUMMY>,<DUMMY>,<DUMMY>,<DUMMY>,<DUMMY>,<DUMMY>,<DUMMY>,<DUMMY>,<DUMMY>,<DUMMY>,<DUMMY>,<DUMMY>,<DUMMY>,<DUMMY>,<DUMMY>,<DUMMY>,<DUMMY>,<DUMMY>,HSDAVFTDSYTRLLKQMAMRKYLDSILN
Eukaryota,Metazoa,Chordata,Mammalia,Artiodactyla,Ovis,Ovis aries (Sheep),KW-0027,KW-0372,KW-0903,KW-0964,KW-1185,<DUMMY>,<DUMMY>,<DUMMY>,<DUMMY>,<DUMMY>,<DUMMY>,<DUMMY>,<DUMMY>,<DUMMY>,GO:0005179,<DUMMY>,<DUMMY>,<DUMMY>,<DUMMY>,<DUMMY>,GO:0005576,<DUMMY>,<DUMMY>,<DUMMY>,<DUMMY>,<DUMMY>,<DUMMY>,<DUMMY>,<DUMMY>,<DUMMY>,GO:0048255,GO:0070459,<DUMMY>,<DUMMY>,<DUMMY>,<DUMMY>,<DUMMY>,<DUMMY>,<DUMMY>,<DUMMY>,<DUMMY>,<DUMMY>,<DUMMY>,<DUMMY>,<DUMMY>,<DUMMY>,<DUMMY>,<DUMMY>,<DUMMY>,<DUMMY>,<DUMMY>,<DUMMY>,<DUMMY>,<DUMMY>,<DUMMY>,<DUMMY>,<DUMMY>,<DUMMY>,<DUMMY>,<DUMMY>,<DUMMY>,<DUMMY>,<DUMMY>,<DUMMY>,<DUMMY>,<DUMMY>,<DUMMY>,<DUMMY>,<DUMMY>,<DUMMY>,<DUMMY>,<DUMMY>,<DUMMY>,<DUMMY>,HSDAVFTDNYTRLRKQMAVKKYLNSILN
Eukaryota,Metazoa,Chordata,Lepidosauria (lepidosaurs),Squamata (squamates),Heloderma,Heloderma horridum (Mexican beaded lizard),KW-0325,KW-0382,KW-0800,KW-0903,KW-0964,KW-1213,<DUMMY>,<DUMMY>,<DUMMY>,<DUMMY>,<DUMMY>,<DUMMY>,<DUMMY>,<DUMMY>,GO:0005179,GO:0090729,<DUMMY>,<DUMMY>,<DUMMY>,<DUMMY>,GO:0005576,<DUMMY>,<DUMMY>,<DUMMY>,<DUMMY>,<DUMMY>,<DUMMY>,<DUMMY>,<DUMMY>,<DUMMY>,GO:0008217,<DUMMY>,<DUMMY>,<DUMMY>,<DUMMY>,<DUMMY>,<DUMMY>,<DUMMY>,<DUMMY>,<DUMMY>,<DUMMY>,<DUMMY>,<DUMMY>,<DUMMY>,<DUMMY>,<DUMMY>,<DUMMY>,<DUMMY>,<DUMMY>,<DUMMY>,<DUMMY>,<DUMMY>,<DUMMY>,<DUMMY>,<DUMMY>,<DUMMY>,<DUMMY>,<DUMMY>,<DUMMY>,<DUMMY>,<DUMMY>,<DUMMY>,<DUMMY>,<DUMMY>,<DUMMY>,<DUMMY>,<DUMMY>,<DUMMY>,<DUMMY>,<DUMMY>,<DUMMY>,<DUMMY>,<DUMMY>,<DUMMY>,HSDATFTAEYSKLLAKLALQKYLESILGSSTSPRPPSS
Eukaryota,Metazoa,Chordata,Lepidosauria (lepidosaurs),Squamata (squamates),Heloderma,Heloderma suspectum (Gila monster),KW-0325,KW-0382,KW-0800,KW-0903,KW-0964,KW-1213,<DUMMY>,<DUMMY>,<DUMMY>,<DUMMY>,<DUMMY>,<DUMMY>,<DUMMY>,<DUMMY>,GO:0005179,GO:0090729,<DUMMY>,<DUMMY>,<DUMMY>,<DUMMY>,GO:0005576,<DUMMY>,<DUMMY>,<DUMMY>,<DUMMY>,<DUMMY>,<DUMMY>,<DUMMY>,<DUMMY>,<DUMMY>,GO:0008217,<DUMMY>,<DUMMY>,<DUMMY>,<DUMMY>,<DUMMY>,<DUMMY>,<DUMMY>,<DUMMY>,<DUMMY>,<DUMMY>,<DUMMY>,<DUMMY>,<DUMMY>,<DUMMY>,<DUMMY>,<DUMMY>,<DUMMY>,<DUMMY>,<DUMMY>,<DUMMY>,<DUMMY>,<DUMMY>,<DUMMY>,<DUMMY>,<DUMMY>,<DUMMY>,<DUMMY>,<DUMMY>,<DUMMY>,<DUMMY>,<DUMMY>,<DUMMY>,<DUMMY>,<DUMMY>,<DUMMY>,<DUMMY>,<DUMMY>,<DUMMY>,<DUMMY>,<DUMMY>,<DUMMY>,<DUMMY>,<DUMMY>,HSDATFTAEYSKLLAKLALQKYLESILGSSTSPRPPSS
Eukaryota,Metazoa,Chordata,Mammalia,Artiodactyla,Sus,Sus scrofa (Pig),<DUMMY>,<DUMMY>,<DUMMY>,<DUMMY>,<DUMMY>,<DUMMY>,<DUMMY>,<DUMMY>,<DUMMY>,<DUMMY>,<DUMMY>,<DUMMY>,<DUMMY>,<DUMMY>,GO:0005179,<DUMMY>,<DUMMY>,<DUMMY>,<DUMMY>,<DUMMY>,GO:0005576,<DUMMY>,<DUMMY>,<DUMMY>,<DUMMY>,<DUMMY>,<DUMMY>,<DUMMY>,<DUMMY>,<DUMMY>,<DUMMY>,<DUMMY>,<DUMMY>,<DUMMY>,<DUMMY>,<DUMMY>,<DUMMY>,<DUMMY>,<DUMMY>,<DUMMY>,<DUMMY>,<DUMMY>,<DUMMY>,<DUMMY>,<DUMMY>,<DUMMY>,<DUMMY>,<DUMMY>,<DUMMY>,<DUMMY>,<DUMMY>,<DUMMY>,<DUMMY>,<DUMMY>,<DUMMY>,<DUMMY>,<DUMMY>,<DUMMY>,<DUMMY>,<DUMMY>,<DUMMY>,<DUMMY>,<DUMMY>,<DUMMY>,<DUMMY>,<DUMMY>,<DUMMY>,<DUMMY>,<DUMMY>,<DUMMY>,<DUMMY>,<DUMMY>,<DUMMY>,<DUMMY>,MPRYADAIFTNSYRKVLGQLSARKLL
Eukaryota,Metazoa,Chordata,Mammalia,Carnivora,Canis,Canis lupus (Gray wolf),<DUMMY>,<DUMMY>,<DUMMY>,<DUMMY>,<DUMMY>,<DUMMY>,<DUMMY>,<DUMMY>,<DUMMY>,<DUMMY>,<DUMMY>,<DUMMY>,<DUMMY>,<DUMMY>,GO:0005179,<DUMMY>,<DUMMY>,<DUMMY>,<DUMMY>,<DUMMY>,GO:0005576,<DUMMY>,<DUMMY>,<DUMMY>,<DUMMY>,<DUMMY>,<DUMMY>,<DUMMY>,<DUMMY>,<DUMMY>,<DUMMY>,<DUMMY>,<DUMMY>,<DUMMY>,<DUMMY>,<DUMMY>,<DUMMY>,<DUMMY>,<DUMMY>,<DUMMY>,<DUMMY>,<DUMMY>,<DUMMY>,<DUMMY>,<DUMMY>,<DUMMY>,<DUMMY>,<DUMMY>,<DUMMY>,<DUMMY>,<DUMMY>,<DUMMY>,<DUMMY>,<DUMMY>,<DUMMY>,<DUMMY>,<DUMMY>,<DUMMY>,<DUMMY>,<DUMMY>,<DUMMY>,<DUMMY>,<DUMMY>,<DUMMY>,<DUMMY>,<DUMMY>,<DUMMY>,<DUMMY>,<DUMMY>,<DUMMY>,<DUMMY>,<DUMMY>,<DUMMY>,<DUMMY>,EGTFTSDVSSYLEGQAAKEFIAWLVK
Eukaryota,Metazoa,Chordata,Mammalia,Carnivora,Canis,Canis lupus (Gray wolf),KW-0964,<DUMMY>,<DUMMY>,<DUMMY>,<DUMMY>,<DUMMY>,<DUMMY>,<DUMMY>,<DUMMY>,<DUMMY>,<DUMMY>,<DUMMY>,<DUMMY>,<DUMMY>,GO:0005179,<DUMMY>,<DUMMY>,<DUMMY>,<DUMMY>,<DUMMY>,GO:0005576,<DUMMY>,<DUMMY>,<DUMMY>,<DUMMY>,<DUMMY>,<DUMMY>,<DUMMY>,<DUMMY>,<DUMMY>,GO:0042304,GO:0050796,GO:0009749,<DUMMY>,<DUMMY>,<DUMMY>,<DUMMY>,<DUMMY>,<DUMMY>,<DUMMY>,<DUMMY>,<DUMMY>,<DUMMY>,<DUMMY>,<DUMMY>,<DUMMY>,<DUMMY>,<DUMMY>,<DUMMY>,<DUMMY>,<DUMMY>,<DUMMY>,<DUMMY>,<DUMMY>,<DUMMY>,<DUMMY>,<DUMMY>,<DUMMY>,<DUMMY>,<DUMMY>,<DUMMY>,<DUMMY>,<DUMMY>,<DUMMY>,<DUMMY>,<DUMMY>,<DUMMY>,<DUMMY>,<DUMMY>,<DUMMY>,<DUMMY>,<DUMMY>,<DUMMY>,<DUMMY>,EGTFISDYSIAMDKIRQQDFVNWLL
Eukaryota,Metazoa,Mollusca,Cephalopoda (cephalopods),Teuthida,Sepioteuthis,Sepioteuthis lessoniana (Bigfin reef squid),<DUMMY>,<DUMMY>,<DUMMY>,<DUMMY>,<DUMMY>,<DUMMY>,<DUMMY>,<DUMMY>,<DUMMY>,<DUMMY>,<DUMMY>,<DUMMY>,<DUMMY>,<DUMMY>,GO:0016521,GO:0031858,<DUMMY>,<DUMMY>,<DUMMY>,<DUMMY>,GO:0005576,<DUMMY>,<DUMMY>,<DUMMY>,<DUMMY>,<DUMMY>,<DUMMY>,<DUMMY>,<DUMMY>,<DUMMY>,GO:0007186,GO:0030073,<DUMMY>,<DUMMY>,<DUMMY>,<DUMMY>,<DUMMY>,<DUMMY>,<DUMMY>,<DUMMY>,<DUMMY>,<DUMMY>,<DUMMY>,<DUMMY>,<DUMMY>,<DUMMY>,<DUMMY>,<DUMMY>,<DUMMY>,<DUMMY>,<DUMMY>,<DUMMY>,<DUMMY>,<DUMMY>,<DUMMY>,<DUMMY>,<DUMMY>,<DUMMY>,<DUMMY>,<DUMMY>,<DUMMY>,<DUMMY>,<DUMMY>,<DUMMY>,<DUMMY>,<DUMMY>,<DUMMY>,<DUMMY>,<DUMMY>,<DUMMY>,<DUMMY>,<DUMMY>,<DUMMY>,<DUMMY>,HSDGIFTDSYSRYRKQMAVKKYLAAVLGKRYRQRYRNK
Eukaryota,Metazoa,Chordata,Mammalia,Carnivora,Ailuropoda,Ailuropoda melanoleuca (Giant panda),KW-1185,<DUMMY>,<DUMMY>,<DUMMY>,<DUMMY>,<DUMMY>,<DUMMY>,<DUMMY>,<DUMMY>,<DUMMY>,<DUMMY>,<DUMMY>,<DUMMY>,<DUMMY>,GO:0005179,<DUMMY>,<DUMMY>,<DUMMY>,<DUMMY>,<DUMMY>,GO:0005576,<DUMMY>,<DUMMY>,<DUMMY>,<DUMMY>,<DUMMY>,<DUMMY>,<DUMMY>,<DUMMY>,<DUMMY>,<DUMMY>,<DUMMY>,<DUMMY>,<DUMMY>,<DUMMY>,<DUMMY>,<DUMMY>,<DUMMY>,<DUMMY>,<DUMMY>,<DUMMY>,<DUMMY>,<DUMMY>,<DUMMY>,<DUMMY>,<DUMMY>,<DUMMY>,<DUMMY>,<DUMMY>,<DUMMY>,<DUMMY>,<DUMMY>,<DUMMY>,<DUMMY>,<DUMMY>,<DUMMY>,<DUMMY>,<DUMMY>,<DUMMY>,<DUMMY>,<DUMMY>,<DUMMY>,<DUMMY>,<DUMMY>,<DUMMY>,<DUMMY>,<DUMMY>,<DUMMY>,<DUMMY>,<DUMMY>,<DUMMY>,<DUMMY>,<DUMMY>,<DUMMY>,HSDGTFTSELSRLRDSARLQRLLQGLVGKR
Eukaryota,Metazoa,Chordata,Mammalia,Chiroptera,Myotis,Myotis lucifugus (Little brown bat),KW-1185,<DUMMY>,<DUMMY>,<DUMMY>,<DUMMY>,<DUMMY>,<DUMMY>,<DUMMY>,<DUMMY>,<DUMMY>,<DUMMY>,<DUMMY>,<DUMMY>,<DUMMY>,GO:0005179,<DUMMY>,<DUMMY>,<DUMMY>,<DUMMY>,<DUMMY>,GO:0005576,<DUMMY>,<DUMMY>,<DUMMY>,<DUMMY>,<DUMMY>,<DUMMY>,<DUMMY>,<DUMMY>,<DUMMY>,<DUMMY>,<DUMMY>,<DUMMY>,<DUMMY>,<DUMMY>,<DUMMY>,<DUMMY>,<DUMMY>,<DUMMY>,<DUMMY>,<DUMMY>,<DUMMY>,<DUMMY>,<DUMMY>,<DUMMY>,<DUMMY>,<DUMMY>,<DUMMY>,<DUMMY>,<DUMMY>,<DUMMY>,<DUMMY>,<DUMMY>,<DUMMY>,<DUMMY>,<DUMMY>,<DUMMY>,<DUMMY>,<DUMMY>,<DUMMY>,<DUMMY>,<DUMMY>,<DUMMY>,<DUMMY>,<DUMMY>,<DUMMY>,<DUMMY>,<DUMMY>,<DUMMY>,<DUMMY>,<DUMMY>,<DUMMY>,<DUMMY>,<DUMMY>,HSDGTFTSELSRLRESAQLQELFQVLS
Eukaryota,Metazoa,Chordata,Mammalia,Primates,Hoolock,Hoolock hoolock (Western hoolock gibbon) (Bunopithecus hoolock),<DUMMY>,<DUMMY>,<DUMMY>,<DUMMY>,<DUMMY>,<DUMMY>,<DUMMY>,<DUMMY>,<DUMMY>,<DUMMY>,<DUMMY>,<DUMMY>,<DUMMY>,<DUMMY>,GO:0005179,<DUMMY>,<DUMMY>,<DUMMY>,<DUMMY>,<DUMMY>,GO:0005576,<DUMMY>,<DUMMY>,<DUMMY>,<DUMMY>,<DUMMY>,<DUMMY>,<DUMMY>,<DUMMY>,<DUMMY>,<DUMMY>,<DUMMY>,<DUMMY>,<DUMMY>,<DUMMY>,<DUMMY>,<DUMMY>,<DUMMY>,<DUMMY>,<DUMMY>,<DUMMY>,<DUMMY>,<DUMMY>,<DUMMY>,<DUMMY>,<DUMMY>,<DUMMY>,<DUMMY>,<DUMMY>,<DUMMY>,<DUMMY>,<DUMMY>,<DUMMY>,<DUMMY>,<DUMMY>,<DUMMY>,<DUMMY>,<DUMMY>,<DUMMY>,<DUMMY>,<DUMMY>,<DUMMY>,<DUMMY>,<DUMMY>,<DUMMY>,<DUMMY>,<DUMMY>,<DUMMY>,<DUMMY>,<DUMMY>,<DUMMY>,<DUMMY>,<DUMMY>,<DUMMY>,DVAHGILNKAYRKVLDQLSARKYLQSLVAKGVG
Eukaryota,Metazoa,Chordata,Mammalia,Primates,Pongo,Pongo pygmaeus (Bornean orangutan),<DUMMY>,<DUMMY>,<DUMMY>,<DUMMY>,<DUMMY>,<DUMMY>,<DUMMY>,<DUMMY>,<DUMMY>,<DUMMY>,<DUMMY>,<DUMMY>,<DUMMY>,<DUMMY>,GO:0005179,<DUMMY>,<DUMMY>,<DUMMY>,<DUMMY>,<DUMMY>,GO:0005576,<DUMMY>,<DUMMY>,<DUMMY>,<DUMMY>,<DUMMY>,<DUMMY>,<DUMMY>,<DUMMY>,<DUMMY>,<DUMMY>,<DUMMY>,<DUMMY>,<DUMMY>,<DUMMY>,<DUMMY>,<DUMMY>,<DUMMY>,<DUMMY>,<DUMMY>,<DUMMY>,<DUMMY>,<DUMMY>,<DUMMY>,<DUMMY>,<DUMMY>,<DUMMY>,<DUMMY>,<DUMMY>,<DUMMY>,<DUMMY>,<DUMMY>,<DUMMY>,<DUMMY>,<DUMMY>,<DUMMY>,<DUMMY>,<DUMMY>,<DUMMY>,<DUMMY>,<DUMMY>,<DUMMY>,<DUMMY>,<DUMMY>,<DUMMY>,<DUMMY>,<DUMMY>,<DUMMY>,<DUMMY>,<DUMMY>,<DUMMY>,<DUMMY>,<DUMMY>,<DUMMY>,DVAHGILNKAYRKVLDQLSARKYLQSLVAKGVG
Eukaryota,Metazoa,Platyhelminthes,Rhabditophora,Tricladida,Dugesia,Dugesia japonica (Planarian),<DUMMY>,<DUMMY>,<DUMMY>,<DUMMY>,<DUMMY>,<DUMMY>,<DUMMY>,<DUMMY>,<DUMMY>,<DUMMY>,<DUMMY>,<DUMMY>,<DUMMY>,<DUMMY>,GO:0016521,GO:0031858,<DUMMY>,<DUMMY>,<DUMMY>,<DUMMY>,GO:0005576,<DUMMY>,<DUMMY>,<DUMMY>,<DUMMY>,<DUMMY>,<DUMMY>,<DUMMY>,<DUMMY>,<DUMMY>,GO:0007186,GO:0030073,<DUMMY>,<DUMMY>,<DUMMY>,<DUMMY>,<DUMMY>,<DUMMY>,<DUMMY>,<DUMMY>,<DUMMY>,<DUMMY>,<DUMMY>,<DUMMY>,<DUMMY>,<DUMMY>,<DUMMY>,<DUMMY>,<DUMMY>,<DUMMY>,<DUMMY>,<DUMMY>,<DUMMY>,<DUMMY>,<DUMMY>,<DUMMY>,<DUMMY>,<DUMMY>,<DUMMY>,<DUMMY>,<DUMMY>,<DUMMY>,<DUMMY>,<DUMMY>,<DUMMY>,<DUMMY>,<DUMMY>,<DUMMY>,<DUMMY>,<DUMMY>,<DUMMY>,<DUMMY>,<DUMMY>,<DUMMY>,HSDGIFTDSYSRYRKQMAVKKYLAAVLGKRYRQRYRNK
Eukaryota,Metazoa,Chordata,Ascidiacea,Stolidobranchia,Halocynthia,Halocynthia roretzi (Sea squirt) (Cynthia roretzi),<DUMMY>,<DUMMY>,<DUMMY>,<DUMMY>,<DUMMY>,<DUMMY>,<DUMMY>,<DUMMY>,<DUMMY>,<DUMMY>,<DUMMY>,<DUMMY>,<DUMMY>,<DUMMY>,GO:0016521,GO:0031858,<DUMMY>,<DUMMY>,<DUMMY>,<DUMMY>,GO:0005576,<DUMMY>,<DUMMY>,<DUMMY>,<DUMMY>,<DUMMY>,<DUMMY>,<DUMMY>,<DUMMY>,<DUMMY>,GO:0007186,GO:0030073,<DUMMY>,<DUMMY>,<DUMMY>,<DUMMY>,<DUMMY>,<DUMMY>,<DUMMY>,<DUMMY>,<DUMMY>,<DUMMY>,<DUMMY>,<DUMMY>,<DUMMY>,<DUMMY>,<DUMMY>,<DUMMY>,<DUMMY>,<DUMMY>,<DUMMY>,<DUMMY>,<DUMMY>,<DUMMY>,<DUMMY>,<DUMMY>,<DUMMY>,<DUMMY>,<DUMMY>,<DUMMY>,<DUMMY>,<DUMMY>,<DUMMY>,<DUMMY>,<DUMMY>,<DUMMY>,<DUMMY>,<DUMMY>,<DUMMY>,<DUMMY>,<DUMMY>,<DUMMY>,<DUMMY>,<DUMMY>,HSDGIFTDSYSRYRKQMAVKKYLAAVLGKRYRQRYRNE
Eukaryota,Metazoa,Arthropoda,Insecta,Blattodea (cockroaches),Periplaneta,Periplaneta americana (American cockroach) (Blatta americana),<DUMMY>,<DUMMY>,<DUMMY>,<DUMMY>,<DUMMY>,<DUMMY>,<DUMMY>,<DUMMY>,<DUMMY>,<DUMMY>,<DUMMY>,<DUMMY>,<DUMMY>,<DUMMY>,GO:0016521,GO:0031858,<DUMMY>,<DUMMY>,<DUMMY>,<DUMMY>,GO:0005576,<DUMMY>,<DUMMY>,<DUMMY>,<DUMMY>,<DUMMY>,<DUMMY>,<DUMMY>,<DUMMY>,<DUMMY>,GO:0007186,GO:0030073,<DUMMY>,<DUMMY>,<DUMMY>,<DUMMY>,<DUMMY>,<DUMMY>,<DUMMY>,<DUMMY>,<DUMMY>,<DUMMY>,<DUMMY>,<DUMMY>,<DUMMY>,<DUMMY>,<DUMMY>,<DUMMY>,<DUMMY>,<DUMMY>,<DUMMY>,<DUMMY>,<DUMMY>,<DUMMY>,<DUMMY>,<DUMMY>,<DUMMY>,<DUMMY>,<DUMMY>,<DUMMY>,<DUMMY>,<DUMMY>,<DUMMY>,<DUMMY>,<DUMMY>,<DUMMY>,<DUMMY>,<DUMMY>,<DUMMY>,<DUMMY>,<DUMMY>,<DUMMY>,<DUMMY>,<DUMMY>,HSDGIFTDSYSRYRKQMAVKKYLAAVLGKRYRQRYRSK
Eukaryota,Fungi,Ascomycota,Saccharomycetes,Saccharomycetales,Saccharomyces,Saccharomyces cerevisiae (Baker's yeast),KW-0002,<DUMMY>,<DUMMY>,<DUMMY>,<DUMMY>,<DUMMY>,<DUMMY>,<DUMMY>,<DUMMY>,<DUMMY>,<DUMMY>,<DUMMY>,<DUMMY>,<DUMMY>,GO:0005179,<DUMMY>,<DUMMY>,<DUMMY>,<DUMMY>,<DUMMY>,GO:0005576,<DUMMY>,<DUMMY>,<DUMMY>,<DUMMY>,<DUMMY>,<DUMMY>,<DUMMY>,<DUMMY>,<DUMMY>,<DUMMY>,<DUMMY>,<DUMMY>,<DUMMY>,<DUMMY>,<DUMMY>,<DUMMY>,<DUMMY>,<DUMMY>,<DUMMY>,<DUMMY>,<DUMMY>,<DUMMY>,<DUMMY>,<DUMMY>,<DUMMY>,<DUMMY>,<DUMMY>,<DUMMY>,<DUMMY>,<DUMMY>,<DUMMY>,<DUMMY>,<DUMMY>,<DUMMY>,<DUMMY>,<DUMMY>,<DUMMY>,<DUMMY>,<DUMMY>,<DUMMY>,<DUMMY>,<DUMMY>,<DUMMY>,<DUMMY>,<DUMMY>,<DUMMY>,<DUMMY>,<DUMMY>,<DUMMY>,<DUMMY>,<DUMMY>,<DUMMY>,<DUMMY>,HAEGTFTSDVSSYLEGQAAKEFIAWLVRGRG
Eukaryota,Metazoa,Chordata,Actinopteri,Clupeiformes (herrings and anchovies),Sardinops,Sardinops melanostictus,<DUMMY>,<DUMMY>,<DUMMY>,<DUMMY>,<DUMMY>,<DUMMY>,<DUMMY>,<DUMMY>,<DUMMY>,<DUMMY>,<DUMMY>,<DUMMY>,<DUMMY>,<DUMMY>,GO:0016521,GO:0031858,<DUMMY>,<DUMMY>,<DUMMY>,<DUMMY>,GO:0005576,<DUMMY>,<DUMMY>,<DUMMY>,<DUMMY>,<DUMMY>,<DUMMY>,<DUMMY>,<DUMMY>,<DUMMY>,GO:0007186,GO:0030073,<DUMMY>,<DUMMY>,<DUMMY>,<DUMMY>,<DUMMY>,<DUMMY>,<DUMMY>,<DUMMY>,<DUMMY>,<DUMMY>,<DUMMY>,<DUMMY>,<DUMMY>,<DUMMY>,<DUMMY>,<DUMMY>,<DUMMY>,<DUMMY>,<DUMMY>,<DUMMY>,<DUMMY>,<DUMMY>,<DUMMY>,<DUMMY>,<DUMMY>,<DUMMY>,<DUMMY>,<DUMMY>,<DUMMY>,<DUMMY>,<DUMMY>,<DUMMY>,<DUMMY>,<DUMMY>,<DUMMY>,<DUMMY>,<DUMMY>,<DUMMY>,<DUMMY>,<DUMMY>,<DUMMY>,<DUMMY>,HSDGIFTDSYSRYRKQMAVKKYLAAVLGKRYRQRYRSK
Eukaryota,Metazoa,Chordata,Actinopteri,Acipenseriformes (sturgeons and paddlefish),Polyodon,Polyodon spathula (North American paddlefish) (Squalus spathula),<DUMMY>,<DUMMY>,<DUMMY>,<DUMMY>,<DUMMY>,<DUMMY>,<DUMMY>,<DUMMY>,<DUMMY>,<DUMMY>,<DUMMY>,<DUMMY>,<DUMMY>,<DUMMY>,GO:0005179,<DUMMY>,<DUMMY>,<DUMMY>,<DUMMY>,<DUMMY>,GO:0005576,<DUMMY>,<DUMMY>,<DUMMY>,<DUMMY>,<DUMMY>,<DUMMY>,<DUMMY>,<DUMMY>,<DUMMY>,<DUMMY>,<DUMMY>,<DUMMY>,<DUMMY>,<DUMMY>,<DUMMY>,<DUMMY>,<DUMMY>,<DUMMY>,<DUMMY>,<DUMMY>,<DUMMY>,<DUMMY>,<DUMMY>,<DUMMY>,<DUMMY>,<DUMMY>,<DUMMY>,<DUMMY>,<DUMMY>,<DUMMY>,<DUMMY>,<DUMMY>,<DUMMY>,<DUMMY>,<DUMMY>,<DUMMY>,<DUMMY>,<DUMMY>,<DUMMY>,<DUMMY>,<DUMMY>,<DUMMY>,<DUMMY>,<DUMMY>,<DUMMY>,<DUMMY>,<DUMMY>,<DUMMY>,<DUMMY>,<DUMMY>,<DUMMY>,<DUMMY>,<DUMMY>,HSQGMFTNDYSKYLEEKSAKEFVEWLKNGKS
Eukaryota,Metazoa,Chordata,Actinopteri,Acipenseriformes (sturgeons and paddlefish),Polyodon,Polyodon spathula (North American paddlefish) (Squalus spathula),<DUMMY>,<DUMMY>,<DUMMY>,<DUMMY>,<DUMMY>,<DUMMY>,<DUMMY>,<DUMMY>,<DUMMY>,<DUMMY>,<DUMMY>,<DUMMY>,<DUMMY>,<DUMMY>,GO:0005179,<DUMMY>,<DUMMY>,<DUMMY>,<DUMMY>,<DUMMY>,GO:0005576,<DUMMY>,<DUMMY>,<DUMMY>,<DUMMY>,<DUMMY>,<DUMMY>,<DUMMY>,<DUMMY>,<DUMMY>,<DUMMY>,<DUMMY>,<DUMMY>,<DUMMY>,<DUMMY>,<DUMMY>,<DUMMY>,<DUMMY>,<DUMMY>,<DUMMY>,<DUMMY>,<DUMMY>,<DUMMY>,<DUMMY>,<DUMMY>,<DUMMY>,<DUMMY>,<DUMMY>,<DUMMY>,<DUMMY>,<DUMMY>,<DUMMY>,<DUMMY>,<DUMMY>,<DUMMY>,<DUMMY>,<DUMMY>,<DUMMY>,<DUMMY>,<DUMMY>,<DUMMY>,<DUMMY>,<DUMMY>,<DUMMY>,<DUMMY>,<DUMMY>,<DUMMY>,<DUMMY>,<DUMMY>,<DUMMY>,<DUMMY>,<DUMMY>,<DUMMY>,<DUMMY>,HSQGMFTNDYSKYLEEKRAKEFVEWLKNGKS
Eukaryota,Metazoa,Chordata,Actinopteri,Acipenseriformes (sturgeons and paddlefish),Polyodon,Polyodon spathula (North American paddlefish) (Squalus spathula),<DUMMY>,<DUMMY>,<DUMMY>,<DUMMY>,<DUMMY>,<DUMMY>,<DUMMY>,<DUMMY>,<DUMMY>,<DUMMY>,<DUMMY>,<DUMMY>,<DUMMY>,<DUMMY>,GO:0005179,<DUMMY>,<DUMMY>,<DUMMY>,<DUMMY>,<DUMMY>,GO:0005576,<DUMMY>,<DUMMY>,<DUMMY>,<DUMMY>,<DUMMY>,<DUMMY>,<DUMMY>,<DUMMY>,<DUMMY>,<DUMMY>,<DUMMY>,<DUMMY>,<DUMMY>,<DUMMY>,<DUMMY>,<DUMMY>,<DUMMY>,<DUMMY>,<DUMMY>,<DUMMY>,<DUMMY>,<DUMMY>,<DUMMY>,<DUMMY>,<DUMMY>,<DUMMY>,<DUMMY>,<DUMMY>,<DUMMY>,<DUMMY>,<DUMMY>,<DUMMY>,<DUMMY>,<DUMMY>,<DUMMY>,<DUMMY>,<DUMMY>,<DUMMY>,<DUMMY>,<DUMMY>,<DUMMY>,<DUMMY>,<DUMMY>,<DUMMY>,<DUMMY>,<DUMMY>,<DUMMY>,<DUMMY>,<DUMMY>,<DUMMY>,<DUMMY>,<DUMMY>,<DUMMY>,HADGTYTSDASSFLQEQAARDFISWLKKGQ
Eukaryota,Metazoa,Chordata,Actinopteri,Acipenseriformes (sturgeons and paddlefish),Acipenser,Acipenser schrenckii (Amur sturgeon),<DUMMY>,<DUMMY>,<DUMMY>,<DUMMY>,<DUMMY>,<DUMMY>,<DUMMY>,<DUMMY>,<DUMMY>,<DUMMY>,<DUMMY>,<DUMMY>,<DUMMY>,<DUMMY>,GO:0016521,GO:0031858,<DUMMY>,<DUMMY>,<DUMMY>,<DUMMY>,GO:0005576,<DUMMY>,<DUMMY>,<DUMMY>,<DUMMY>,<DUMMY>,<DUMMY>,<DUMMY>,<DUMMY>,<DUMMY>,GO:0007186,GO:0030073,<DUMMY>,<DUMMY>,<DUMMY>,<DUMMY>,<DUMMY>,<DUMMY>,<DUMMY>,<DUMMY>,<DUMMY>,<DUMMY>,<DUMMY>,<DUMMY>,<DUMMY>,<DUMMY>,<DUMMY>,<DUMMY>,<DUMMY>,<DUMMY>,<DUMMY>,<DUMMY>,<DUMMY>,<DUMMY>,<DUMMY>,<DUMMY>,<DUMMY>,<DUMMY>,<DUMMY>,<DUMMY>,<DUMMY>,<DUMMY>,<DUMMY>,<DUMMY>,<DUMMY>,<DUMMY>,<DUMMY>,<DUMMY>,<DUMMY>,<DUMMY>,<DUMMY>,<DUMMY>,<DUMMY>,<DUMMY>,HSDGIFTDSYSRYRKQMAVKKYLAAVLGKRYRQRVRNK
Eukaryota,Metazoa,Chordata,Actinopteri,Tetraodontiformes (pufferfishes and others),Stephanolepis,Stephanolepis cirrhifer (Thread-sail filefish) (Monacanthus cirrhifer),<DUMMY>,<DUMMY>,<DUMMY>,<DUMMY>,<DUMMY>,<DUMMY>,<DUMMY>,<DUMMY>,<DUMMY>,<DUMMY>,<DUMMY>,<DUMMY>,<DUMMY>,<DUMMY>,GO:0016521,GO:0031858,<DUMMY>,<DUMMY>,<DUMMY>,<DUMMY>,GO:0005576,<DUMMY>,<DUMMY>,<DUMMY>,<DUMMY>,<DUMMY>,<DUMMY>,<DUMMY>,<DUMMY>,<DUMMY>,GO:0007186,GO:0030073,<DUMMY>,<DUMMY>,<DUMMY>,<DUMMY>,<DUMMY>,<DUMMY>,<DUMMY>,<DUMMY>,<DUMMY>,<DUMMY>,<DUMMY>,<DUMMY>,<DUMMY>,<DUMMY>,<DUMMY>,<DUMMY>,<DUMMY>,<DUMMY>,<DUMMY>,<DUMMY>,<DUMMY>,<DUMMY>,<DUMMY>,<DUMMY>,<DUMMY>,<DUMMY>,<DUMMY>,<DUMMY>,<DUMMY>,<DUMMY>,<DUMMY>,<DUMMY>,<DUMMY>,<DUMMY>,<DUMMY>,<DUMMY>,<DUMMY>,<DUMMY>,<DUMMY>,<DUMMY>,<DUMMY>,<DUMMY>,HSDGIFTDSYSRYRKQMAVKKYLAAVLGKRYRQRVRNK
Eukaryota,Metazoa,Chordata,Actinopteri,Perciformes (perches and others),Sebastiscus,Sebastiscus marmoratus (False kelpfish) (Sebastes marmoratus),<DUMMY>,<DUMMY>,<DUMMY>,<DUMMY>,<DUMMY>,<DUMMY>,<DUMMY>,<DUMMY>,<DUMMY>,<DUMMY>,<DUMMY>,<DUMMY>,<DUMMY>,<DUMMY>,GO:0016521,GO:0031858,<DUMMY>,<DUMMY>,<DUMMY>,<DUMMY>,GO:0005576,<DUMMY>,<DUMMY>,<DUMMY>,<DUMMY>,<DUMMY>,<DUMMY>,<DUMMY>,<DUMMY>,<DUMMY>,GO:0007186,GO:0030073,<DUMMY>,<DUMMY>,<DUMMY>,<DUMMY>,<DUMMY>,<DUMMY>,<DUMMY>,<DUMMY>,<DUMMY>,<DUMMY>,<DUMMY>,<DUMMY>,<DUMMY>,<DUMMY>,<DUMMY>,<DUMMY>,<DUMMY>,<DUMMY>,<DUMMY>,<DUMMY>,<DUMMY>,<DUMMY>,<DUMMY>,<DUMMY>,<DUMMY>,<DUMMY>,<DUMMY>,<DUMMY>,<DUMMY>,<DUMMY>,<DUMMY>,<DUMMY>,<DUMMY>,<DUMMY>,<DUMMY>,<DUMMY>,<DUMMY>,<DUMMY>,<DUMMY>,<DUMMY>,<DUMMY>,<DUMMY>,HSDGIFTDSYSRYRKQMAVQKYLAAVLGRRYRQRVRNK
Eukaryota,Metazoa,Chordata,Actinopteri,Salmoniformes (salmons and trouts),Salmo,Salmo trutta (Brown trout),<DUMMY>,<DUMMY>,<DUMMY>,<DUMMY>,<DUMMY>,<DUMMY>,<DUMMY>,<DUMMY>,<DUMMY>,<DUMMY>,<DUMMY>,<DUMMY>,<DUMMY>,<DUMMY>,GO:0005179,<DUMMY>,<DUMMY>,<DUMMY>,<DUMMY>,<DUMMY>,GO:0005576,<DUMMY>,<DUMMY>,<DUMMY>,<DUMMY>,<DUMMY>,<DUMMY>,<DUMMY>,<DUMMY>,<DUMMY>,<DUMMY>,<DUMMY>,<DUMMY>,<DUMMY>,<DUMMY>,<DUMMY>,<DUMMY>,<DUMMY>,<DUMMY>,<DUMMY>,<DUMMY>,<DUMMY>,<DUMMY>,<DUMMY>,<DUMMY>,<DUMMY>,<DUMMY>,<DUMMY>,<DUMMY>,<DUMMY>,<DUMMY>,<DUMMY>,<DUMMY>,<DUMMY>,<DUMMY>,<DUMMY>,<DUMMY>,<DUMMY>,<DUMMY>,<DUMMY>,<DUMMY>,<DUMMY>,<DUMMY>,<DUMMY>,<DUMMY>,<DUMMY>,<DUMMY>,<DUMMY>,<DUMMY>,<DUMMY>,<DUMMY>,<DUMMY>,<DUMMY>,<DUMMY>,PPEKRTERHADGMFNKAYRKALGQLSARQYLHSLMAK
Eukaryota,Metazoa,Chordata,Actinopteri,Tetraodontiformes (pufferfishes and others),Tetraodon,Tetraodon nigroviridis (Spotted green pufferfish) (Chelonodon nigroviridis),<DUMMY>,<DUMMY>,<DUMMY>,<DUMMY>,<DUMMY>,<DUMMY>,<DUMMY>,<DUMMY>,<DUMMY>,<DUMMY>,<DUMMY>,<DUMMY>,<DUMMY>,<DUMMY>,GO:0005179,<DUMMY>,<DUMMY>,<DUMMY>,<DUMMY>,<DUMMY>,GO:0005576,<DUMMY>,<DUMMY>,<DUMMY>,<DUMMY>,<DUMMY>,<DUMMY>,<DUMMY>,<DUMMY>,<DUMMY>,<DUMMY>,<DUMMY>,<DUMMY>,<DUMMY>,<DUMMY>,<DUMMY>,<DUMMY>,<DUMMY>,<DUMMY>,<DUMMY>,<DUMMY>,<DUMMY>,<DUMMY>,<DUMMY>,<DUMMY>,<DUMMY>,<DUMMY>,<DUMMY>,<DUMMY>,<DUMMY>,<DUMMY>,<DUMMY>,<DUMMY>,<DUMMY>,<DUMMY>,<DUMMY>,<DUMMY>,<DUMMY>,<DUMMY>,<DUMMY>,<DUMMY>,<DUMMY>,<DUMMY>,<DUMMY>,<DUMMY>,<DUMMY>,<DUMMY>,<DUMMY>,<DUMMY>,<DUMMY>,<DUMMY>,<DUMMY>,<DUMMY>,<DUMMY>,RHADAIFTNSYRKVLGQISARKILQTIMGKRLG
Eukaryota,Metazoa,Chordata,Actinopteri,Cypriniformes (carps and others),Misgurnus,Misgurnus anguillicaudatus (Oriental weatherloach) (Cobitis anguillicaudata),<DUMMY>,<DUMMY>,<DUMMY>,<DUMMY>,<DUMMY>,<DUMMY>,<DUMMY>,<DUMMY>,<DUMMY>,<DUMMY>,<DUMMY>,<DUMMY>,<DUMMY>,<DUMMY>,GO:0016521,GO:0031858,<DUMMY>,<DUMMY>,<DUMMY>,<DUMMY>,GO:0005576,<DUMMY>,<DUMMY>,<DUMMY>,<DUMMY>,<DUMMY>,<DUMMY>,<DUMMY>,<DUMMY>,<DUMMY>,GO:0007186,GO:0030073,<DUMMY>,<DUMMY>,<DUMMY>,<DUMMY>,<DUMMY>,<DUMMY>,<DUMMY>,<DUMMY>,<DUMMY>,<DUMMY>,<DUMMY>,<DUMMY>,<DUMMY>,<DUMMY>,<DUMMY>,<DUMMY>,<DUMMY>,<DUMMY>,<DUMMY>,<DUMMY>,<DUMMY>,<DUMMY>,<DUMMY>,<DUMMY>,<DUMMY>,<DUMMY>,<DUMMY>,<DUMMY>,<DUMMY>,<DUMMY>,<DUMMY>,<DUMMY>,<DUMMY>,<DUMMY>,<DUMMY>,<DUMMY>,<DUMMY>,<DUMMY>,<DUMMY>,<DUMMY>,<DUMMY>,<DUMMY>,HSDGVFTDSYSRYRKQMAVKKYLSAVLGQRYRQRYRGK
Eukaryota,Metazoa,Chordata,Actinopteri,Carangiformes (jacks and others),Trachurus,Trachurus japonicus (Japanese jack mackerel),<DUMMY>,<DUMMY>,<DUMMY>,<DUMMY>,<DUMMY>,<DUMMY>,<DUMMY>,<DUMMY>,<DUMMY>,<DUMMY>,<DUMMY>,<DUMMY>,<DUMMY>,<DUMMY>,GO:0016521,GO:0031858,<DUMMY>,<DUMMY>,<DUMMY>,<DUMMY>,GO:0005576,<DUMMY>,<DUMMY>,<DUMMY>,<DUMMY>,<DUMMY>,<DUMMY>,<DUMMY>,<DUMMY>,<DUMMY>,GO:0007186,GO:0030073,<DUMMY>,<DUMMY>,<DUMMY>,<DUMMY>,<DUMMY>,<DUMMY>,<DUMMY>,<DUMMY>,<DUMMY>,<DUMMY>,<DUMMY>,<DUMMY>,<DUMMY>,<DUMMY>,<DUMMY>,<DUMMY>,<DUMMY>,<DUMMY>,<DUMMY>,<DUMMY>,<DUMMY>,<DUMMY>,<DUMMY>,<DUMMY>,<DUMMY>,<DUMMY>,<DUMMY>,<DUMMY>,<DUMMY>,<DUMMY>,<DUMMY>,<DUMMY>,<DUMMY>,<DUMMY>,<DUMMY>,<DUMMY>,<DUMMY>,<DUMMY>,<DUMMY>,<DUMMY>,<DUMMY>,<DUMMY>,HSDGIFTDSYSRYRKQMAVKKYLAAVLGKRYRQRIRNK
Eukaryota,Metazoa,Chordata,Actinopteri,Cypriniformes (carps and others),Carassius,Carassius auratus (Goldfish),<DUMMY>,<DUMMY>,<DUMMY>,<DUMMY>,<DUMMY>,<DUMMY>,<DUMMY>,<DUMMY>,<DUMMY>,<DUMMY>,<DUMMY>,<DUMMY>,<DUMMY>,<DUMMY>,GO:0005179,<DUMMY>,<DUMMY>,<DUMMY>,<DUMMY>,<DUMMY>,GO:0005576,<DUMMY>,<DUMMY>,<DUMMY>,<DUMMY>,<DUMMY>,<DUMMY>,<DUMMY>,<DUMMY>,<DUMMY>,GO:0048255,GO:0070459,<DUMMY>,<DUMMY>,<DUMMY>,<DUMMY>,<DUMMY>,<DUMMY>,<DUMMY>,<DUMMY>,<DUMMY>,<DUMMY>,<DUMMY>,<DUMMY>,<DUMMY>,<DUMMY>,<DUMMY>,<DUMMY>,<DUMMY>,<DUMMY>,<DUMMY>,<DUMMY>,<DUMMY>,<DUMMY>,<DUMMY>,<DUMMY>,<DUMMY>,<DUMMY>,<DUMMY>,<DUMMY>,<DUMMY>,<DUMMY>,<DUMMY>,<DUMMY>,<DUMMY>,<DUMMY>,<DUMMY>,<DUMMY>,<DUMMY>,<DUMMY>,<DUMMY>,<DUMMY>,<DUMMY>,<DUMMY>,HSDAVFTDNYSRYRKQMAAKKYLNSVLA
Eukaryota,Metazoa,Chordata,Actinopteri,Pleuronectiformes (flatfishes),Solea,Solea senegalensis (Senegalese sole),KW-0527,<DUMMY>,<DUMMY>,<DUMMY>,<DUMMY>,<DUMMY>,<DUMMY>,<DUMMY>,<DUMMY>,<DUMMY>,<DUMMY>,<DUMMY>,<DUMMY>,<DUMMY>,GO:0016521,GO:0031858,<DUMMY>,<DUMMY>,<DUMMY>,<DUMMY>,GO:0005576,<DUMMY>,<DUMMY>,<DUMMY>,<DUMMY>,<DUMMY>,<DUMMY>,<DUMMY>,<DUMMY>,<DUMMY>,GO:0030073,GO:0007218,<DUMMY>,<DUMMY>,<DUMMY>,<DUMMY>,<DUMMY>,<DUMMY>,<DUMMY>,<DUMMY>,<DUMMY>,<DUMMY>,<DUMMY>,<DUMMY>,<DUMMY>,<DUMMY>,<DUMMY>,<DUMMY>,<DUMMY>,<DUMMY>,<DUMMY>,<DUMMY>,<DUMMY>,<DUMMY>,<DUMMY>,<DUMMY>,<DUMMY>,<DUMMY>,<DUMMY>,<DUMMY>,<DUMMY>,<DUMMY>,<DUMMY>,<DUMMY>,<DUMMY>,<DUMMY>,<DUMMY>,<DUMMY>,<DUMMY>,<DUMMY>,<DUMMY>,<DUMMY>,<DUMMY>,<DUMMY>,DDTSMEDESEPLSKRHSDGIFTDSYSRYRKQMAVQKYLAA
Eukaryota,Metazoa,Chordata,Aves,Passeriformes,Ficedula,Ficedula albicollis (Collared flycatcher) (Muscicapa albicollis),KW-0372,KW-0964,KW-1185,<DUMMY>,<DUMMY>,<DUMMY>,<DUMMY>,<DUMMY>,<DUMMY>,<DUMMY>,<DUMMY>,<DUMMY>,<DUMMY>,<DUMMY>,GO:0005179,<DUMMY>,<DUMMY>,<DUMMY>,<DUMMY>,<DUMMY>,GO:0005576,<DUMMY>,<DUMMY>,<DUMMY>,<DUMMY>,<DUMMY>,<DUMMY>,<DUMMY>,<DUMMY>,<DUMMY>,GO:0042304,GO:0050796,GO:0009749,<DUMMY>,<DUMMY>,<DUMMY>,<DUMMY>,<DUMMY>,<DUMMY>,<DUMMY>,<DUMMY>,<DUMMY>,<DUMMY>,<DUMMY>,<DUMMY>,<DUMMY>,<DUMMY>,<DUMMY>,<DUMMY>,<DUMMY>,<DUMMY>,<DUMMY>,<DUMMY>,<DUMMY>,<DUMMY>,<DUMMY>,<DUMMY>,<DUMMY>,<DUMMY>,<DUMMY>,<DUMMY>,<DUMMY>,<DUMMY>,<DUMMY>,<DUMMY>,<DUMMY>,<DUMMY>,<DUMMY>,<DUMMY>,<DUMMY>,<DUMMY>,<DUMMY>,<DUMMY>,<DUMMY>,QRRYSEATLASDYSRTMDHVLSKNFVEWLLARREKKS
Eukaryota,Metazoa,Chordata,Hyperoartia,Petromyzontiformes,Lethenteron,Lethenteron camtschaticum (Japanese lamprey) (Lampetra japonica),<DUMMY>,<DUMMY>,<DUMMY>,<DUMMY>,<DUMMY>,<DUMMY>,<DUMMY>,<DUMMY>,<DUMMY>,<DUMMY>,<DUMMY>,<DUMMY>,<DUMMY>,<DUMMY>,GO:0016521,GO:0031858,<DUMMY>,<DUMMY>,<DUMMY>,<DUMMY>,GO:0005576,<DUMMY>,<DUMMY>,<DUMMY>,<DUMMY>,<DUMMY>,<DUMMY>,<DUMMY>,<DUMMY>,<DUMMY>,GO:0007186,GO:0030073,<DUMMY>,<DUMMY>,<DUMMY>,<DUMMY>,<DUMMY>,<DUMMY>,<DUMMY>,<DUMMY>,<DUMMY>,<DUMMY>,<DUMMY>,<DUMMY>,<DUMMY>,<DUMMY>,<DUMMY>,<DUMMY>,<DUMMY>,<DUMMY>,<DUMMY>,<DUMMY>,<DUMMY>,<DUMMY>,<DUMMY>,<DUMMY>,<DUMMY>,<DUMMY>,<DUMMY>,<DUMMY>,<DUMMY>,<DUMMY>,<DUMMY>,<DUMMY>,<DUMMY>,<DUMMY>,<DUMMY>,<DUMMY>,<DUMMY>,<DUMMY>,<DUMMY>,<DUMMY>,<DUMMY>,<DUMMY>,HSDGIFTDSYSRYRKQMAVKKYLAPVLGKRYRQRYRSK
Eukaryota,Metazoa,Chordata,Actinopteri,Salmoniformes (salmons and trouts),Oncorhynchus,Oncorhynchus mykiss (Rainbow trout) (Salmo gairdneri),<DUMMY>,<DUMMY>,<DUMMY>,<DUMMY>,<DUMMY>,<DUMMY>,<DUMMY>,<DUMMY>,<DUMMY>,<DUMMY>,<DUMMY>,<DUMMY>,<DUMMY>,<DUMMY>,GO:0016521,GO:0031858,<DUMMY>,<DUMMY>,<DUMMY>,<DUMMY>,GO:0005576,<DUMMY>,<DUMMY>,<DUMMY>,<DUMMY>,<DUMMY>,<DUMMY>,<DUMMY>,<DUMMY>,<DUMMY>,GO:0007186,GO:0030073,<DUMMY>,<DUMMY>,<DUMMY>,<DUMMY>,<DUMMY>,<DUMMY>,<DUMMY>,<DUMMY>,<DUMMY>,<DUMMY>,<DUMMY>,<DUMMY>,<DUMMY>,<DUMMY>,<DUMMY>,<DUMMY>,<DUMMY>,<DUMMY>,<DUMMY>,<DUMMY>,<DUMMY>,<DUMMY>,<DUMMY>,<DUMMY>,<DUMMY>,<DUMMY>,<DUMMY>,<DUMMY>,<DUMMY>,<DUMMY>,<DUMMY>,<DUMMY>,<DUMMY>,<DUMMY>,<DUMMY>,<DUMMY>,<DUMMY>,<DUMMY>,<DUMMY>,<DUMMY>,<DUMMY>,<DUMMY>,HSDGIFTDSYSRYRKQMAVKKYLAAVLGKRYRQRYRNK
Eukaryota,Metazoa,Chordata,Aves,Passeriformes,Corvus (crows),Corvus brachyrhynchos (American crow),KW-0372,KW-0964,KW-1185,<DUMMY>,<DUMMY>,<DUMMY>,<DUMMY>,<DUMMY>,<DUMMY>,<DUMMY>,<DUMMY>,<DUMMY>,<DUMMY>,<DUMMY>,GO:0005179,<DUMMY>,<DUMMY>,<DUMMY>,<DUMMY>,<DUMMY>,GO:0005576,<DUMMY>,<DUMMY>,<DUMMY>,<DUMMY>,<DUMMY>,<DUMMY>,<DUMMY>,<DUMMY>,<DUMMY>,GO:0042304,GO:0050796,GO:0009749,<DUMMY>,<DUMMY>,<DUMMY>,<DUMMY>,<DUMMY>,<DUMMY>,<DUMMY>,<DUMMY>,<DUMMY>,<DUMMY>,<DUMMY>,<DUMMY>,<DUMMY>,<DUMMY>,<DUMMY>,<DUMMY>,<DUMMY>,<DUMMY>,<DUMMY>,<DUMMY>,<DUMMY>,<DUMMY>,<DUMMY>,<DUMMY>,<DUMMY>,<DUMMY>,<DUMMY>,<DUMMY>,<DUMMY>,<DUMMY>,<DUMMY>,<DUMMY>,<DUMMY>,<DUMMY>,<DUMMY>,<DUMMY>,<DUMMY>,<DUMMY>,<DUMMY>,<DUMMY>,<DUMMY>,QRRYSEATLASDYSRTMDHVLKKNFVEWLLARREKKS
Eukaryota,Metazoa,Cnidaria,Hydrozoa (hydrozoans),Anthoathecata,Hydra,Hydra vulgaris (Hydra) (Hydra attenuata),<DUMMY>,<DUMMY>,<DUMMY>,<DUMMY>,<DUMMY>,<DUMMY>,<DUMMY>,<DUMMY>,<DUMMY>,<DUMMY>,<DUMMY>,<DUMMY>,<DUMMY>,<DUMMY>,GO:0016521,GO:0031858,<DUMMY>,<DUMMY>,<DUMMY>,<DUMMY>,GO:0005576,<DUMMY>,<DUMMY>,<DUMMY>,<DUMMY>,<DUMMY>,<DUMMY>,<DUMMY>,<DUMMY>,<DUMMY>,GO:0007186,GO:0030073,<DUMMY>,<DUMMY>,<DUMMY>,<DUMMY>,<DUMMY>,<DUMMY>,<DUMMY>,<DUMMY>,<DUMMY>,<DUMMY>,<DUMMY>,<DUMMY>,<DUMMY>,<DUMMY>,<DUMMY>,<DUMMY>,<DUMMY>,<DUMMY>,<DUMMY>,<DUMMY>,<DUMMY>,<DUMMY>,<DUMMY>,<DUMMY>,<DUMMY>,<DUMMY>,<DUMMY>,<DUMMY>,<DUMMY>,<DUMMY>,<DUMMY>,<DUMMY>,<DUMMY>,<DUMMY>,<DUMMY>,<DUMMY>,<DUMMY>,<DUMMY>,<DUMMY>,<DUMMY>,<DUMMY>,<DUMMY>,HSDGIFTDSYSRYRKQMAVKKYLAAVLGKRYRQRYRNK
Eukaryota,Metazoa,Chordata,Mammalia,Primates,Macaca (macaques),Macaca mulatta (Rhesus macaque),<DUMMY>,<DUMMY>,<DUMMY>,<DUMMY>,<DUMMY>,<DUMMY>,<DUMMY>,<DUMMY>,<DUMMY>,<DUMMY>,<DUMMY>,<DUMMY>,<DUMMY>,<DUMMY>,GO:0005179,<DUMMY>,<DUMMY>,<DUMMY>,<DUMMY>,<DUMMY>,GO:0005576,<DUMMY>,<DUMMY>,<DUMMY>,<DUMMY>,<DUMMY>,<DUMMY>,<DUMMY>,<DUMMY>,<DUMMY>,<DUMMY>,<DUMMY>,<DUMMY>,<DUMMY>,<DUMMY>,<DUMMY>,<DUMMY>,<DUMMY>,<DUMMY>,<DUMMY>,<DUMMY>,<DUMMY>,<DUMMY>,<DUMMY>,<DUMMY>,<DUMMY>,<DUMMY>,<DUMMY>,<DUMMY>,<DUMMY>,<DUMMY>,<DUMMY>,<DUMMY>,<DUMMY>,<DUMMY>,<DUMMY>,<DUMMY>,<DUMMY>,<DUMMY>,<DUMMY>,<DUMMY>,<DUMMY>,<DUMMY>,<DUMMY>,<DUMMY>,<DUMMY>,<DUMMY>,<DUMMY>,<DUMMY>,<DUMMY>,<DUMMY>,<DUMMY>,<DUMMY>,<DUMMY>,DVAHGILNKAYRKVLDQLSARKYLQSLVAKGVG
Eukaryota,Metazoa,Chordata,Actinopteri,Cypriniformes (carps and others),Cyprinus,Cyprinus carpio (Common carp),<DUMMY>,<DUMMY>,<DUMMY>,<DUMMY>,<DUMMY>,<DUMMY>,<DUMMY>,<DUMMY>,<DUMMY>,<DUMMY>,<DUMMY>,<DUMMY>,<DUMMY>,<DUMMY>,GO:0016521,GO:0031858,<DUMMY>,<DUMMY>,<DUMMY>,<DUMMY>,GO:0005576,<DUMMY>,<DUMMY>,<DUMMY>,<DUMMY>,<DUMMY>,<DUMMY>,<DUMMY>,<DUMMY>,<DUMMY>,GO:0007186,GO:0030073,<DUMMY>,<DUMMY>,<DUMMY>,<DUMMY>,<DUMMY>,<DUMMY>,<DUMMY>,<DUMMY>,<DUMMY>,<DUMMY>,<DUMMY>,<DUMMY>,<DUMMY>,<DUMMY>,<DUMMY>,<DUMMY>,<DUMMY>,<DUMMY>,<DUMMY>,<DUMMY>,<DUMMY>,<DUMMY>,<DUMMY>,<DUMMY>,<DUMMY>,<DUMMY>,<DUMMY>,<DUMMY>,<DUMMY>,<DUMMY>,<DUMMY>,<DUMMY>,<DUMMY>,<DUMMY>,<DUMMY>,<DUMMY>,<DUMMY>,<DUMMY>,<DUMMY>,<DUMMY>,<DUMMY>,<DUMMY>,HSDGIFTDIYSRYRKQMAVKKYLAAVLGRRYRQRVKNK
Eukaryota,Metazoa,Chordata,Mammalia,Primates,Gorilla,Gorilla gorilla (western gorilla),<DUMMY>,<DUMMY>,<DUMMY>,<DUMMY>,<DUMMY>,<DUMMY>,<DUMMY>,<DUMMY>,<DUMMY>,<DUMMY>,<DUMMY>,<DUMMY>,<DUMMY>,<DUMMY>,GO:0005179,<DUMMY>,<DUMMY>,<DUMMY>,<DUMMY>,<DUMMY>,GO:0005576,<DUMMY>,<DUMMY>,<DUMMY>,<DUMMY>,<DUMMY>,<DUMMY>,<DUMMY>,<DUMMY>,<DUMMY>,<DUMMY>,<DUMMY>,<DUMMY>,<DUMMY>,<DUMMY>,<DUMMY>,<DUMMY>,<DUMMY>,<DUMMY>,<DUMMY>,<DUMMY>,<DUMMY>,<DUMMY>,<DUMMY>,<DUMMY>,<DUMMY>,<DUMMY>,<DUMMY>,<DUMMY>,<DUMMY>,<DUMMY>,<DUMMY>,<DUMMY>,<DUMMY>,<DUMMY>,<DUMMY>,<DUMMY>,<DUMMY>,<DUMMY>,<DUMMY>,<DUMMY>,<DUMMY>,<DUMMY>,<DUMMY>,<DUMMY>,<DUMMY>,<DUMMY>,<DUMMY>,<DUMMY>,<DUMMY>,<DUMMY>,<DUMMY>,<DUMMY>,<DUMMY>,DVAHGILNKAYRKVLDQLSARKYLQSLVAKGVG
Eukaryota,Metazoa,Chordata,Mammalia,Perissodactyla (odd-toed ungulates),Equus,Equus caballus (Horse),<DUMMY>,<DUMMY>,<DUMMY>,<DUMMY>,<DUMMY>,<DUMMY>,<DUMMY>,<DUMMY>,<DUMMY>,<DUMMY>,<DUMMY>,<DUMMY>,<DUMMY>,<DUMMY>,GO:0005179,<DUMMY>,<DUMMY>,<DUMMY>,<DUMMY>,<DUMMY>,GO:0005576,<DUMMY>,<DUMMY>,<DUMMY>,<DUMMY>,<DUMMY>,<DUMMY>,<DUMMY>,<DUMMY>,<DUMMY>,<DUMMY>,<DUMMY>,<DUMMY>,<DUMMY>,<DUMMY>,<DUMMY>,<DUMMY>,<DUMMY>,<DUMMY>,<DUMMY>,<DUMMY>,<DUMMY>,<DUMMY>,<DUMMY>,<DUMMY>,<DUMMY>,<DUMMY>,<DUMMY>,<DUMMY>,<DUMMY>,<DUMMY>,<DUMMY>,<DUMMY>,<DUMMY>,<DUMMY>,<DUMMY>,<DUMMY>,<DUMMY>,<DUMMY>,<DUMMY>,<DUMMY>,<DUMMY>,<DUMMY>,<DUMMY>,<DUMMY>,<DUMMY>,<DUMMY>,<DUMMY>,<DUMMY>,<DUMMY>,<DUMMY>,<DUMMY>,<DUMMY>,<DUMMY>,ADAIFTNNYRKVLGQLSARKILQDIMSR
Eukaryota,Metazoa,Chordata,Mammalia,Artiodactyla,Sus,Sus scrofa (Pig),<DUMMY>,<DUMMY>,<DUMMY>,<DUMMY>,<DUMMY>,<DUMMY>,<DUMMY>,<DUMMY>,<DUMMY>,<DUMMY>,<DUMMY>,<DUMMY>,<DUMMY>,<DUMMY>,GO:0005179,<DUMMY>,<DUMMY>,<DUMMY>,<DUMMY>,<DUMMY>,GO:0005576,<DUMMY>,<DUMMY>,<DUMMY>,<DUMMY>,<DUMMY>,<DUMMY>,<DUMMY>,<DUMMY>,<DUMMY>,<DUMMY>,<DUMMY>,<DUMMY>,<DUMMY>,<DUMMY>,<DUMMY>,<DUMMY>,<DUMMY>,<DUMMY>,<DUMMY>,<DUMMY>,<DUMMY>,<DUMMY>,<DUMMY>,<DUMMY>,<DUMMY>,<DUMMY>,<DUMMY>,<DUMMY>,<DUMMY>,<DUMMY>,<DUMMY>,<DUMMY>,<DUMMY>,<DUMMY>,<DUMMY>,<DUMMY>,<DUMMY>,<DUMMY>,<DUMMY>,<DUMMY>,<DUMMY>,<DUMMY>,<DUMMY>,<DUMMY>,<DUMMY>,<DUMMY>,<DUMMY>,<DUMMY>,<DUMMY>,<DUMMY>,<DUMMY>,<DUMMY>,<DUMMY>,MPRYANAIFTNSYRKVLGQLSARKLLXX
Eukaryota,Metazoa,Arthropoda,Malacostraca,Decapoda,Eriocheir,Eriocheir japonica (Japanese mitten crab),<DUMMY>,<DUMMY>,<DUMMY>,<DUMMY>,<DUMMY>,<DUMMY>,<DUMMY>,<DUMMY>,<DUMMY>,<DUMMY>,<DUMMY>,<DUMMY>,<DUMMY>,<DUMMY>,GO:0016521,GO:0031858,<DUMMY>,<DUMMY>,<DUMMY>,<DUMMY>,GO:0005576,<DUMMY>,<DUMMY>,<DUMMY>,<DUMMY>,<DUMMY>,<DUMMY>,<DUMMY>,<DUMMY>,<DUMMY>,GO:0007186,GO:0030073,<DUMMY>,<DUMMY>,<DUMMY>,<DUMMY>,<DUMMY>,<DUMMY>,<DUMMY>,<DUMMY>,<DUMMY>,<DUMMY>,<DUMMY>,<DUMMY>,<DUMMY>,<DUMMY>,<DUMMY>,<DUMMY>,<DUMMY>,<DUMMY>,<DUMMY>,<DUMMY>,<DUMMY>,<DUMMY>,<DUMMY>,<DUMMY>,<DUMMY>,<DUMMY>,<DUMMY>,<DUMMY>,<DUMMY>,<DUMMY>,<DUMMY>,<DUMMY>,<DUMMY>,<DUMMY>,<DUMMY>,<DUMMY>,<DUMMY>,<DUMMY>,<DUMMY>,<DUMMY>,<DUMMY>,<DUMMY>,HSDGIFTDSYSRYREQMAVKKYLAAVLGKRYRQRYRNK
