Taxonomic lineage (SUPERKINGDOM),Taxonomic lineage (KINGDOM),Taxonomic lineage (PHYLUM),Taxonomic lineage (CLASS),Taxonomic lineage (ORDER),Taxonomic lineage (GENUS),Taxonomic lineage (SPECIES),Keyword ID_0,Keyword ID_1,Keyword ID_2,Keyword ID_3,Keyword ID_4,Keyword ID_5,Keyword ID_6,Keyword ID_7,Keyword ID_8,Keyword ID_9,Keyword ID_10,Gene ontology (molecular function)_0,Gene ontology (molecular function)_1,Gene ontology (molecular function)_2,Gene ontology (molecular function)_3,Gene ontology (molecular function)_4,Gene ontology (molecular function)_5,Gene ontology (molecular function)_6,Gene ontology (cellular component)_0,Gene ontology (cellular component)_1,Gene ontology (cellular component)_2,Gene ontology (cellular component)_3,Gene ontology (cellular component)_4,Gene ontology (cellular component)_5,Gene ontology (cellular component)_6,Gene ontology (cellular component)_7,Gene ontology (biological process)_0,Gene ontology (biological process)_1,Gene ontology (biological process)_2,Gene ontology (biological process)_3,Gene ontology (biological process)_4,Gene ontology (biological process)_5,Gene ontology (biological process)_6,Gene ontology (biological process)_7,Gene ontology (biological process)_8,Gene ontology (biological process)_9,Gene ontology (biological process)_10,Gene ontology (biological process)_11,Gene ontology (biological process)_12,Gene ontology (biological process)_13,Gene ontology (biological process)_14,Gene ontology (biological process)_15,Gene ontology (biological process)_16,Gene ontology (biological process)_17,Gene ontology (biological process)_18,Gene ontology (biological process)_19,Gene ontology (biological process)_20,Gene ontology (biological process)_21,Gene ontology (biological process)_22,Gene ontology (biological process)_23,Gene ontology (biological process)_24,Gene ontology (biological process)_25,Gene ontology (biological process)_26,Gene ontology (biological process)_27,Gene ontology (biological process)_28,Gene ontology (biological process)_29,Sequence
Eukaryota,Metazoa,Chordata,Actinopteri,Amiiformes,Amia,Amia calva (Bowfin),KW-0027,KW-0372,KW-0903,KW-0964,<DUMMY>,<DUMMY>,<DUMMY>,<DUMMY>,<DUMMY>,<DUMMY>,<DUMMY>,GO:0005179,<DUMMY>,<DUMMY>,<DUMMY>,<DUMMY>,<DUMMY>,<DUMMY>,GO:0005576,<DUMMY>,<DUMMY>,<DUMMY>,<DUMMY>,<DUMMY>,<DUMMY>,<DUMMY>,<DUMMY>,<DUMMY>,<DUMMY>,<DUMMY>,<DUMMY>,<DUMMY>,<DUMMY>,<DUMMY>,<DUMMY>,<DUMMY>,<DUMMY>,<DUMMY>,<DUMMY>,<DUMMY>,<DUMMY>,<DUMMY>,<DUMMY>,<DUMMY>,<DUMMY>,<DUMMY>,<DUMMY>,<DUMMY>,<DUMMY>,<DUMMY>,<DUMMY>,<DUMMY>,<DUMMY>,<DUMMY>,<DUMMY>,<DUMMY>,YPPKPENPGEDAPPEELARYYTALRHYINLITRQRY
Eukaryota,Metazoa,Chordata,Amphibia,Anura,Pelophylax,Pelophylax ridibundus (Marsh frog) (Rana ridibunda),KW-0027,KW-0372,KW-0903,KW-0964,<DUMMY>,<DUMMY>,<DUMMY>,<DUMMY>,<DUMMY>,<DUMMY>,<DUMMY>,GO:0005179,<DUMMY>,<DUMMY>,<DUMMY>,<DUMMY>,<DUMMY>,<DUMMY>,GO:0005576,<DUMMY>,<DUMMY>,<DUMMY>,<DUMMY>,<DUMMY>,<DUMMY>,<DUMMY>,<DUMMY>,<DUMMY>,<DUMMY>,<DUMMY>,<DUMMY>,<DUMMY>,<DUMMY>,<DUMMY>,<DUMMY>,<DUMMY>,<DUMMY>,<DUMMY>,<DUMMY>,<DUMMY>,<DUMMY>,<DUMMY>,<DUMMY>,<DUMMY>,<DUMMY>,<DUMMY>,<DUMMY>,<DUMMY>,<DUMMY>,<DUMMY>,<DUMMY>,<DUMMY>,<DUMMY>,<DUMMY>,<DUMMY>,<DUMMY>,YPPKPENPGEDASPEEMTKYLTALRHYINLVTRQRY
Eukaryota,Metazoa,Chordata,Actinopteri,Perciformes (perches and others),Myoxocephalus,Myoxocephalus scorpius (Shorthorn sculpin) (Cottus scorpius),KW-0027,KW-0372,KW-0903,KW-0964,<DUMMY>,<DUMMY>,<DUMMY>,<DUMMY>,<DUMMY>,<DUMMY>,<DUMMY>,GO:0005179,<DUMMY>,<DUMMY>,<DUMMY>,<DUMMY>,<DUMMY>,<DUMMY>,GO:0005576,<DUMMY>,<DUMMY>,<DUMMY>,<DUMMY>,<DUMMY>,<DUMMY>,<DUMMY>,<DUMMY>,<DUMMY>,<DUMMY>,<DUMMY>,<DUMMY>,<DUMMY>,<DUMMY>,<DUMMY>,<DUMMY>,<DUMMY>,<DUMMY>,<DUMMY>,<DUMMY>,<DUMMY>,<DUMMY>,<DUMMY>,<DUMMY>,<DUMMY>,<DUMMY>,<DUMMY>,<DUMMY>,<DUMMY>,<DUMMY>,<DUMMY>,<DUMMY>,<DUMMY>,<DUMMY>,<DUMMY>,<DUMMY>,<DUMMY>,YPPQPESPGGNASPEDWAKYHAAVRHYVNLITRQRY
Eukaryota,Metazoa,Chordata,Mammalia,Artiodactyla,Sus,Sus scrofa (Pig),KW-0002,KW-0027,KW-0372,KW-0597,KW-0903,KW-0964,KW-1185,<DUMMY>,<DUMMY>,<DUMMY>,<DUMMY>,GO:0001664,GO:0005179,GO:0005184,GO:0031841,<DUMMY>,<DUMMY>,<DUMMY>,GO:0005615,<DUMMY>,<DUMMY>,<DUMMY>,<DUMMY>,<DUMMY>,<DUMMY>,<DUMMY>,GO:0007631,GO:0007218,<DUMMY>,<DUMMY>,<DUMMY>,<DUMMY>,<DUMMY>,<DUMMY>,<DUMMY>,<DUMMY>,<DUMMY>,<DUMMY>,<DUMMY>,<DUMMY>,<DUMMY>,<DUMMY>,<DUMMY>,<DUMMY>,<DUMMY>,<DUMMY>,<DUMMY>,<DUMMY>,<DUMMY>,<DUMMY>,<DUMMY>,<DUMMY>,<DUMMY>,<DUMMY>,<DUMMY>,<DUMMY>,YPAKPEAPGEDASPEELSRYYASLRHYLNLVTRQRY
Eukaryota,Metazoa,Chordata,Amphibia,Anura,Rana,Rana temporaria (European common frog),KW-0027,KW-0527,KW-0903,KW-0964,<DUMMY>,<DUMMY>,<DUMMY>,<DUMMY>,<DUMMY>,<DUMMY>,<DUMMY>,GO:0005179,<DUMMY>,<DUMMY>,<DUMMY>,<DUMMY>,<DUMMY>,<DUMMY>,GO:0005576,<DUMMY>,<DUMMY>,<DUMMY>,<DUMMY>,<DUMMY>,<DUMMY>,<DUMMY>,GO:0007218,<DUMMY>,<DUMMY>,<DUMMY>,<DUMMY>,<DUMMY>,<DUMMY>,<DUMMY>,<DUMMY>,<DUMMY>,<DUMMY>,<DUMMY>,<DUMMY>,<DUMMY>,<DUMMY>,<DUMMY>,<DUMMY>,<DUMMY>,<DUMMY>,<DUMMY>,<DUMMY>,<DUMMY>,<DUMMY>,<DUMMY>,<DUMMY>,<DUMMY>,<DUMMY>,<DUMMY>,<DUMMY>,<DUMMY>,YPSKPDNPGEDAPAEDMAKYYSALRHYINLITRQRY
Eukaryota,Metazoa,Chordata,Chondrichthyes,Rajiformes (skates),Raja,Raja rhina (Longnose skate),KW-0027,KW-0372,KW-0903,KW-0964,<DUMMY>,<DUMMY>,<DUMMY>,<DUMMY>,<DUMMY>,<DUMMY>,<DUMMY>,GO:0005179,<DUMMY>,<DUMMY>,<DUMMY>,<DUMMY>,<DUMMY>,<DUMMY>,GO:0005576,<DUMMY>,<DUMMY>,<DUMMY>,<DUMMY>,<DUMMY>,<DUMMY>,<DUMMY>,<DUMMY>,<DUMMY>,<DUMMY>,<DUMMY>,<DUMMY>,<DUMMY>,<DUMMY>,<DUMMY>,<DUMMY>,<DUMMY>,<DUMMY>,<DUMMY>,<DUMMY>,<DUMMY>,<DUMMY>,<DUMMY>,<DUMMY>,<DUMMY>,<DUMMY>,<DUMMY>,<DUMMY>,<DUMMY>,<DUMMY>,<DUMMY>,<DUMMY>,<DUMMY>,<DUMMY>,<DUMMY>,<DUMMY>,<DUMMY>,YPPKPENPGDDAAPEELAKYYSALRHYINLITRQRY
Eukaryota,Metazoa,Chordata,Actinopteri,Semionotiformes,Atractosteus,Atractosteus spatula (Alligator gar) (Lepisosteus spatula),KW-0027,KW-0372,KW-0903,KW-0964,<DUMMY>,<DUMMY>,<DUMMY>,<DUMMY>,<DUMMY>,<DUMMY>,<DUMMY>,GO:0005179,<DUMMY>,<DUMMY>,<DUMMY>,<DUMMY>,<DUMMY>,<DUMMY>,GO:0005576,<DUMMY>,<DUMMY>,<DUMMY>,<DUMMY>,<DUMMY>,<DUMMY>,<DUMMY>,<DUMMY>,<DUMMY>,<DUMMY>,<DUMMY>,<DUMMY>,<DUMMY>,<DUMMY>,<DUMMY>,<DUMMY>,<DUMMY>,<DUMMY>,<DUMMY>,<DUMMY>,<DUMMY>,<DUMMY>,<DUMMY>,<DUMMY>,<DUMMY>,<DUMMY>,<DUMMY>,<DUMMY>,<DUMMY>,<DUMMY>,<DUMMY>,<DUMMY>,<DUMMY>,<DUMMY>,<DUMMY>,<DUMMY>,<DUMMY>,YPPKPENPGEDAPPEELAKYYSALRHYINLITRQRY
Eukaryota,Metazoa,Platyhelminthes,Cestoda,Cyclophyllidea,Moniezia,Moniezia expansa (Sheep tapeworm),KW-0002,KW-0027,KW-0527,KW-0903,KW-0964,<DUMMY>,<DUMMY>,<DUMMY>,<DUMMY>,<DUMMY>,<DUMMY>,GO:0005179,<DUMMY>,<DUMMY>,<DUMMY>,<DUMMY>,<DUMMY>,<DUMMY>,GO:0005576,<DUMMY>,<DUMMY>,<DUMMY>,<DUMMY>,<DUMMY>,<DUMMY>,<DUMMY>,GO:0007218,<DUMMY>,<DUMMY>,<DUMMY>,<DUMMY>,<DUMMY>,<DUMMY>,<DUMMY>,<DUMMY>,<DUMMY>,<DUMMY>,<DUMMY>,<DUMMY>,<DUMMY>,<DUMMY>,<DUMMY>,<DUMMY>,<DUMMY>,<DUMMY>,<DUMMY>,<DUMMY>,<DUMMY>,<DUMMY>,<DUMMY>,<DUMMY>,<DUMMY>,<DUMMY>,<DUMMY>,<DUMMY>,<DUMMY>,PDKDFIVNPSDLVLDNKAALRDYLRQINEYFAIIGRPRF
Eukaryota,Metazoa,Chordata,Mammalia,Lagomorpha,Oryctolagus,Oryctolagus cuniculus (Rabbit),KW-0027,KW-0527,KW-0903,KW-0964,KW-0968,KW-1185,<DUMMY>,<DUMMY>,<DUMMY>,<DUMMY>,<DUMMY>,GO:0005179,<DUMMY>,<DUMMY>,<DUMMY>,<DUMMY>,<DUMMY>,<DUMMY>,GO:0005576,GO:0098992,<DUMMY>,<DUMMY>,<DUMMY>,<DUMMY>,<DUMMY>,<DUMMY>,GO:0007218,<DUMMY>,<DUMMY>,<DUMMY>,<DUMMY>,<DUMMY>,<DUMMY>,<DUMMY>,<DUMMY>,<DUMMY>,<DUMMY>,<DUMMY>,<DUMMY>,<DUMMY>,<DUMMY>,<DUMMY>,<DUMMY>,<DUMMY>,<DUMMY>,<DUMMY>,<DUMMY>,<DUMMY>,<DUMMY>,<DUMMY>,<DUMMY>,<DUMMY>,<DUMMY>,<DUMMY>,<DUMMY>,<DUMMY>,YPSKPDNPGEDAPAEDMARYYSALRHYINLITRQRY
Eukaryota,Metazoa,Chordata,Aves,Galliformes,Meleagris,Meleagris gallopavo (Wild turkey),KW-0002,KW-0027,KW-0165,KW-0372,KW-0903,KW-0964,KW-1185,<DUMMY>,<DUMMY>,<DUMMY>,<DUMMY>,GO:0005179,<DUMMY>,<DUMMY>,<DUMMY>,<DUMMY>,<DUMMY>,<DUMMY>,GO:0005576,<DUMMY>,<DUMMY>,<DUMMY>,<DUMMY>,<DUMMY>,<DUMMY>,<DUMMY>,<DUMMY>,<DUMMY>,<DUMMY>,<DUMMY>,<DUMMY>,<DUMMY>,<DUMMY>,<DUMMY>,<DUMMY>,<DUMMY>,<DUMMY>,<DUMMY>,<DUMMY>,<DUMMY>,<DUMMY>,<DUMMY>,<DUMMY>,<DUMMY>,<DUMMY>,<DUMMY>,<DUMMY>,<DUMMY>,<DUMMY>,<DUMMY>,<DUMMY>,<DUMMY>,<DUMMY>,<DUMMY>,<DUMMY>,<DUMMY>,GPSQPTYPGDDAPVEDLIRFYNDLQQYLNVVTRHRY
Eukaryota,Metazoa,Chordata,<DUMMY>,Crocodylia (alligators and others),Alligator,Alligator mississippiensis (American alligator),KW-0027,KW-0527,KW-0903,KW-0964,<DUMMY>,<DUMMY>,<DUMMY>,<DUMMY>,<DUMMY>,<DUMMY>,<DUMMY>,GO:0005179,<DUMMY>,<DUMMY>,<DUMMY>,<DUMMY>,<DUMMY>,<DUMMY>,GO:0005576,<DUMMY>,<DUMMY>,<DUMMY>,<DUMMY>,<DUMMY>,<DUMMY>,<DUMMY>,GO:0007218,<DUMMY>,<DUMMY>,<DUMMY>,<DUMMY>,<DUMMY>,<DUMMY>,<DUMMY>,<DUMMY>,<DUMMY>,<DUMMY>,<DUMMY>,<DUMMY>,<DUMMY>,<DUMMY>,<DUMMY>,<DUMMY>,<DUMMY>,<DUMMY>,<DUMMY>,<DUMMY>,<DUMMY>,<DUMMY>,<DUMMY>,<DUMMY>,<DUMMY>,<DUMMY>,<DUMMY>,<DUMMY>,<DUMMY>,YPSKPDNPGEDAPAEDMARYYSALRHYINLITRQRY
Eukaryota,Metazoa,Chordata,Mammalia,Rodentia,Chinchilla,Chinchilla chinchilla (Short-tailed chinchilla) (Chinchilla brevicaudata),KW-0027,KW-0372,KW-0903,KW-0964,<DUMMY>,<DUMMY>,<DUMMY>,<DUMMY>,<DUMMY>,<DUMMY>,<DUMMY>,GO:0005179,<DUMMY>,<DUMMY>,<DUMMY>,<DUMMY>,<DUMMY>,<DUMMY>,GO:0005576,<DUMMY>,<DUMMY>,<DUMMY>,<DUMMY>,<DUMMY>,<DUMMY>,<DUMMY>,<DUMMY>,<DUMMY>,<DUMMY>,<DUMMY>,<DUMMY>,<DUMMY>,<DUMMY>,<DUMMY>,<DUMMY>,<DUMMY>,<DUMMY>,<DUMMY>,<DUMMY>,<DUMMY>,<DUMMY>,<DUMMY>,<DUMMY>,<DUMMY>,<DUMMY>,<DUMMY>,<DUMMY>,<DUMMY>,<DUMMY>,<DUMMY>,<DUMMY>,<DUMMY>,<DUMMY>,<DUMMY>,<DUMMY>,<DUMMY>,APLEPVYPGDNATPEQMAQYAAEMRRYINMLTRPRY
Eukaryota,Metazoa,Chordata,Chondrichthyes,Squaliformes,Squalus,Squalus acanthias (Spiny dogfish),KW-0027,KW-0372,KW-0903,KW-0964,<DUMMY>,<DUMMY>,<DUMMY>,<DUMMY>,<DUMMY>,<DUMMY>,<DUMMY>,GO:0005179,<DUMMY>,<DUMMY>,<DUMMY>,<DUMMY>,<DUMMY>,<DUMMY>,GO:0005576,<DUMMY>,<DUMMY>,<DUMMY>,<DUMMY>,<DUMMY>,<DUMMY>,<DUMMY>,<DUMMY>,<DUMMY>,<DUMMY>,<DUMMY>,<DUMMY>,<DUMMY>,<DUMMY>,<DUMMY>,<DUMMY>,<DUMMY>,<DUMMY>,<DUMMY>,<DUMMY>,<DUMMY>,<DUMMY>,<DUMMY>,<DUMMY>,<DUMMY>,<DUMMY>,<DUMMY>,<DUMMY>,<DUMMY>,<DUMMY>,<DUMMY>,<DUMMY>,<DUMMY>,<DUMMY>,<DUMMY>,<DUMMY>,<DUMMY>,YPPKPENPGEDAPPEELAKYYSALRHYINLITRQRY
Eukaryota,Metazoa,Chordata,Hyperoartia,Petromyzontiformes,Petromyzon,Petromyzon marinus (Sea lamprey),KW-0027,KW-0372,KW-0903,KW-0964,KW-1185,<DUMMY>,<DUMMY>,<DUMMY>,<DUMMY>,<DUMMY>,<DUMMY>,GO:0005179,<DUMMY>,<DUMMY>,<DUMMY>,<DUMMY>,<DUMMY>,<DUMMY>,GO:0005576,<DUMMY>,<DUMMY>,<DUMMY>,<DUMMY>,<DUMMY>,<DUMMY>,<DUMMY>,<DUMMY>,<DUMMY>,<DUMMY>,<DUMMY>,<DUMMY>,<DUMMY>,<DUMMY>,<DUMMY>,<DUMMY>,<DUMMY>,<DUMMY>,<DUMMY>,<DUMMY>,<DUMMY>,<DUMMY>,<DUMMY>,<DUMMY>,<DUMMY>,<DUMMY>,<DUMMY>,<DUMMY>,<DUMMY>,<DUMMY>,<DUMMY>,<DUMMY>,<DUMMY>,<DUMMY>,<DUMMY>,<DUMMY>,<DUMMY>,MPPKPDNPSPDASPEELSKYMLAVRNYINLITRQRY
Eukaryota,Metazoa,Chordata,Mammalia,Rodentia,Cavia (guinea pigs),Cavia porcellus (Guinea pig),KW-0027,KW-0527,KW-0903,KW-0964,KW-0968,KW-1185,<DUMMY>,<DUMMY>,<DUMMY>,<DUMMY>,<DUMMY>,GO:0005179,<DUMMY>,<DUMMY>,<DUMMY>,<DUMMY>,<DUMMY>,<DUMMY>,GO:0005576,GO:0098992,<DUMMY>,<DUMMY>,<DUMMY>,<DUMMY>,<DUMMY>,<DUMMY>,GO:0007218,<DUMMY>,<DUMMY>,<DUMMY>,<DUMMY>,<DUMMY>,<DUMMY>,<DUMMY>,<DUMMY>,<DUMMY>,<DUMMY>,<DUMMY>,<DUMMY>,<DUMMY>,<DUMMY>,<DUMMY>,<DUMMY>,<DUMMY>,<DUMMY>,<DUMMY>,<DUMMY>,<DUMMY>,<DUMMY>,<DUMMY>,<DUMMY>,<DUMMY>,<DUMMY>,<DUMMY>,<DUMMY>,<DUMMY>,YPSKPDNPGEDAPAEDMARYYSALRHYINLITRQRY
Eukaryota,Metazoa,Chordata,Mammalia,Perissodactyla (odd-toed ungulates),Equus,Equus zebra (Mountain zebra),KW-0027,KW-0372,KW-0903,KW-0964,<DUMMY>,<DUMMY>,<DUMMY>,<DUMMY>,<DUMMY>,<DUMMY>,<DUMMY>,GO:0005179,<DUMMY>,<DUMMY>,<DUMMY>,<DUMMY>,<DUMMY>,<DUMMY>,GO:0005576,<DUMMY>,<DUMMY>,<DUMMY>,<DUMMY>,<DUMMY>,<DUMMY>,<DUMMY>,<DUMMY>,<DUMMY>,<DUMMY>,<DUMMY>,<DUMMY>,<DUMMY>,<DUMMY>,<DUMMY>,<DUMMY>,<DUMMY>,<DUMMY>,<DUMMY>,<DUMMY>,<DUMMY>,<DUMMY>,<DUMMY>,<DUMMY>,<DUMMY>,<DUMMY>,<DUMMY>,<DUMMY>,<DUMMY>,<DUMMY>,<DUMMY>,<DUMMY>,<DUMMY>,<DUMMY>,<DUMMY>,<DUMMY>,<DUMMY>,APMEPVYPGDNATPEQMAQYAAELRRYINMLTRPRY
Eukaryota,Metazoa,Chordata,Chondrichthyes,Carcharhiniformes (ground sharks),Scyliorhinus,Scyliorhinus canicula (Small-spotted catshark) (Squalus canicula),KW-0027,KW-0372,KW-0903,KW-0964,<DUMMY>,<DUMMY>,<DUMMY>,<DUMMY>,<DUMMY>,<DUMMY>,<DUMMY>,GO:0005179,<DUMMY>,<DUMMY>,<DUMMY>,<DUMMY>,<DUMMY>,<DUMMY>,GO:0005576,<DUMMY>,<DUMMY>,<DUMMY>,<DUMMY>,<DUMMY>,<DUMMY>,<DUMMY>,<DUMMY>,<DUMMY>,<DUMMY>,<DUMMY>,<DUMMY>,<DUMMY>,<DUMMY>,<DUMMY>,<DUMMY>,<DUMMY>,<DUMMY>,<DUMMY>,<DUMMY>,<DUMMY>,<DUMMY>,<DUMMY>,<DUMMY>,<DUMMY>,<DUMMY>,<DUMMY>,<DUMMY>,<DUMMY>,<DUMMY>,<DUMMY>,<DUMMY>,<DUMMY>,<DUMMY>,<DUMMY>,<DUMMY>,<DUMMY>,YPPKPENPGEDAPPEELAKYYSALRHYINLITRQRY
Eukaryota,Metazoa,Mollusca,Gastropoda,Neogastropoda,Conus,Conus betulinus (Beech cone),KW-0027,KW-0528,KW-0800,KW-0903,KW-0964,<DUMMY>,<DUMMY>,<DUMMY>,<DUMMY>,<DUMMY>,<DUMMY>,GO:0005179,GO:0090729,<DUMMY>,<DUMMY>,<DUMMY>,<DUMMY>,<DUMMY>,GO:0005576,<DUMMY>,<DUMMY>,<DUMMY>,<DUMMY>,<DUMMY>,<DUMMY>,<DUMMY>,<DUMMY>,<DUMMY>,<DUMMY>,<DUMMY>,<DUMMY>,<DUMMY>,<DUMMY>,<DUMMY>,<DUMMY>,<DUMMY>,<DUMMY>,<DUMMY>,<DUMMY>,<DUMMY>,<DUMMY>,<DUMMY>,<DUMMY>,<DUMMY>,<DUMMY>,<DUMMY>,<DUMMY>,<DUMMY>,<DUMMY>,<DUMMY>,<DUMMY>,<DUMMY>,<DUMMY>,<DUMMY>,<DUMMY>,<DUMMY>,TVSDPPARPAVFHSREELMNYVRELNRYFAIVGRPRF
Eukaryota,Metazoa,Chordata,Actinopteri,Gadiformes (cods and others),Gadus,Gadus morhua (Atlantic cod),KW-0027,KW-0527,KW-0903,KW-0964,<DUMMY>,<DUMMY>,<DUMMY>,<DUMMY>,<DUMMY>,<DUMMY>,<DUMMY>,GO:0005179,<DUMMY>,<DUMMY>,<DUMMY>,<DUMMY>,<DUMMY>,<DUMMY>,GO:0005576,<DUMMY>,<DUMMY>,<DUMMY>,<DUMMY>,<DUMMY>,<DUMMY>,<DUMMY>,GO:0007218,<DUMMY>,<DUMMY>,<DUMMY>,<DUMMY>,<DUMMY>,<DUMMY>,<DUMMY>,<DUMMY>,<DUMMY>,<DUMMY>,<DUMMY>,<DUMMY>,<DUMMY>,<DUMMY>,<DUMMY>,<DUMMY>,<DUMMY>,<DUMMY>,<DUMMY>,<DUMMY>,<DUMMY>,<DUMMY>,<DUMMY>,<DUMMY>,<DUMMY>,<DUMMY>,<DUMMY>,<DUMMY>,<DUMMY>,YPIKPENPGEDAPADELAKYYSALRHYINLITRQRY
Eukaryota,Metazoa,Mollusca,Gastropoda,Stylommatophora (land snails),Cornu,Cornu aspersum (Brown garden snail) (Helix aspersa),KW-0027,KW-0527,KW-0903,KW-0964,<DUMMY>,<DUMMY>,<DUMMY>,<DUMMY>,<DUMMY>,<DUMMY>,<DUMMY>,GO:0005179,<DUMMY>,<DUMMY>,<DUMMY>,<DUMMY>,<DUMMY>,<DUMMY>,GO:0005576,<DUMMY>,<DUMMY>,<DUMMY>,<DUMMY>,<DUMMY>,<DUMMY>,<DUMMY>,GO:0007218,<DUMMY>,<DUMMY>,<DUMMY>,<DUMMY>,<DUMMY>,<DUMMY>,<DUMMY>,<DUMMY>,<DUMMY>,<DUMMY>,<DUMMY>,<DUMMY>,<DUMMY>,<DUMMY>,<DUMMY>,<DUMMY>,<DUMMY>,<DUMMY>,<DUMMY>,<DUMMY>,<DUMMY>,<DUMMY>,<DUMMY>,<DUMMY>,<DUMMY>,<DUMMY>,<DUMMY>,<DUMMY>,<DUMMY>,STQMLSPPERPREFRHPNELRQYLKELNEYYAIMGRTRF
Eukaryota,Metazoa,Chordata,Mammalia,Didelphimorphia,Didelphis,Didelphis virginiana (North American opossum) (Didelphis marsupialis virginiana),KW-0027,KW-0372,KW-0903,KW-0964,<DUMMY>,<DUMMY>,<DUMMY>,<DUMMY>,<DUMMY>,<DUMMY>,<DUMMY>,GO:0005179,<DUMMY>,<DUMMY>,<DUMMY>,<DUMMY>,<DUMMY>,<DUMMY>,GO:0005576,<DUMMY>,<DUMMY>,<DUMMY>,<DUMMY>,<DUMMY>,<DUMMY>,<DUMMY>,<DUMMY>,<DUMMY>,<DUMMY>,<DUMMY>,<DUMMY>,<DUMMY>,<DUMMY>,<DUMMY>,<DUMMY>,<DUMMY>,<DUMMY>,<DUMMY>,<DUMMY>,<DUMMY>,<DUMMY>,<DUMMY>,<DUMMY>,<DUMMY>,<DUMMY>,<DUMMY>,<DUMMY>,<DUMMY>,<DUMMY>,<DUMMY>,<DUMMY>,<DUMMY>,<DUMMY>,<DUMMY>,<DUMMY>,<DUMMY>,APQEPVYPGDDATPEQMAKYAAELRRYINRLTRPRY
Eukaryota,Metazoa,Chordata,Actinopteri,Salmoniformes (salmons and trouts),Oncorhynchus,Oncorhynchus mykiss (Rainbow trout) (Salmo gairdneri),KW-0027,KW-0527,KW-0903,KW-0964,<DUMMY>,<DUMMY>,<DUMMY>,<DUMMY>,<DUMMY>,<DUMMY>,<DUMMY>,GO:0005179,<DUMMY>,<DUMMY>,<DUMMY>,<DUMMY>,<DUMMY>,<DUMMY>,GO:0005576,<DUMMY>,<DUMMY>,<DUMMY>,<DUMMY>,<DUMMY>,<DUMMY>,<DUMMY>,GO:0007218,<DUMMY>,<DUMMY>,<DUMMY>,<DUMMY>,<DUMMY>,<DUMMY>,<DUMMY>,<DUMMY>,<DUMMY>,<DUMMY>,<DUMMY>,<DUMMY>,<DUMMY>,<DUMMY>,<DUMMY>,<DUMMY>,<DUMMY>,<DUMMY>,<DUMMY>,<DUMMY>,<DUMMY>,<DUMMY>,<DUMMY>,<DUMMY>,<DUMMY>,<DUMMY>,<DUMMY>,<DUMMY>,<DUMMY>,YPVKPENPGEDAPTEELAKYYTALRHYINLITRQRY
Eukaryota,Metazoa,Chordata,Amphibia,Anura,Pelophylax,Pelophylax ridibundus (Marsh frog) (Rana ridibunda),KW-0027,KW-0527,KW-0903,KW-0964,<DUMMY>,<DUMMY>,<DUMMY>,<DUMMY>,<DUMMY>,<DUMMY>,<DUMMY>,GO:0005179,<DUMMY>,<DUMMY>,<DUMMY>,<DUMMY>,<DUMMY>,<DUMMY>,GO:0005576,<DUMMY>,<DUMMY>,<DUMMY>,<DUMMY>,<DUMMY>,<DUMMY>,<DUMMY>,GO:0007218,<DUMMY>,<DUMMY>,<DUMMY>,<DUMMY>,<DUMMY>,<DUMMY>,<DUMMY>,<DUMMY>,<DUMMY>,<DUMMY>,<DUMMY>,<DUMMY>,<DUMMY>,<DUMMY>,<DUMMY>,<DUMMY>,<DUMMY>,<DUMMY>,<DUMMY>,<DUMMY>,<DUMMY>,<DUMMY>,<DUMMY>,<DUMMY>,<DUMMY>,<DUMMY>,<DUMMY>,<DUMMY>,<DUMMY>,YPSKPDNPGEDAPAEDMAKYYSALRHYINLITRQRY
Eukaryota,Metazoa,Chordata,Mammalia,Perissodactyla (odd-toed ungulates),Ceratotherium,Ceratotherium simum (White rhinoceros) (Square-lipped rhinoceros),KW-0027,KW-0372,KW-0903,KW-0964,<DUMMY>,<DUMMY>,<DUMMY>,<DUMMY>,<DUMMY>,<DUMMY>,<DUMMY>,GO:0005179,<DUMMY>,<DUMMY>,<DUMMY>,<DUMMY>,<DUMMY>,<DUMMY>,GO:0005576,<DUMMY>,<DUMMY>,<DUMMY>,<DUMMY>,<DUMMY>,<DUMMY>,<DUMMY>,<DUMMY>,<DUMMY>,<DUMMY>,<DUMMY>,<DUMMY>,<DUMMY>,<DUMMY>,<DUMMY>,<DUMMY>,<DUMMY>,<DUMMY>,<DUMMY>,<DUMMY>,<DUMMY>,<DUMMY>,<DUMMY>,<DUMMY>,<DUMMY>,<DUMMY>,<DUMMY>,<DUMMY>,<DUMMY>,<DUMMY>,<DUMMY>,<DUMMY>,<DUMMY>,<DUMMY>,<DUMMY>,<DUMMY>,<DUMMY>,SPLEPVYPGDNATPEEMAQYAAELRRYINMLTRPRY
Eukaryota,Metazoa,Chordata,Mammalia,Lagomorpha,Oryctolagus,Oryctolagus cuniculus (Rabbit),KW-0027,KW-0372,KW-0903,KW-0964,KW-1185,<DUMMY>,<DUMMY>,<DUMMY>,<DUMMY>,<DUMMY>,<DUMMY>,GO:0005179,<DUMMY>,<DUMMY>,<DUMMY>,<DUMMY>,<DUMMY>,<DUMMY>,GO:0005576,<DUMMY>,<DUMMY>,<DUMMY>,<DUMMY>,<DUMMY>,<DUMMY>,<DUMMY>,<DUMMY>,<DUMMY>,<DUMMY>,<DUMMY>,<DUMMY>,<DUMMY>,<DUMMY>,<DUMMY>,<DUMMY>,<DUMMY>,<DUMMY>,<DUMMY>,<DUMMY>,<DUMMY>,<DUMMY>,<DUMMY>,<DUMMY>,<DUMMY>,<DUMMY>,<DUMMY>,<DUMMY>,<DUMMY>,<DUMMY>,<DUMMY>,<DUMMY>,<DUMMY>,<DUMMY>,<DUMMY>,<DUMMY>,<DUMMY>,APPEPVYPGDDATPEQMAEYVADLRRYINMLTRPRY
Eukaryota,Metazoa,Chordata,Mammalia,Lagomorpha,Oryctolagus,Oryctolagus cuniculus (Rabbit),KW-0027,KW-0372,KW-0597,KW-0903,KW-0964,KW-1185,<DUMMY>,<DUMMY>,<DUMMY>,<DUMMY>,<DUMMY>,GO:0005179,<DUMMY>,<DUMMY>,<DUMMY>,<DUMMY>,<DUMMY>,<DUMMY>,GO:0005576,<DUMMY>,<DUMMY>,<DUMMY>,<DUMMY>,<DUMMY>,<DUMMY>,<DUMMY>,<DUMMY>,<DUMMY>,<DUMMY>,<DUMMY>,<DUMMY>,<DUMMY>,<DUMMY>,<DUMMY>,<DUMMY>,<DUMMY>,<DUMMY>,<DUMMY>,<DUMMY>,<DUMMY>,<DUMMY>,<DUMMY>,<DUMMY>,<DUMMY>,<DUMMY>,<DUMMY>,<DUMMY>,<DUMMY>,<DUMMY>,<DUMMY>,<DUMMY>,<DUMMY>,<DUMMY>,<DUMMY>,<DUMMY>,<DUMMY>,YPSKPEAPGEDASPEELNRYYASLRHYLNLVTRQRY
Eukaryota,Metazoa,Chordata,Mammalia,Perissodactyla (odd-toed ungulates),Tapirus,Tapirus pinchaque (Mountain tapir),KW-0027,KW-0372,KW-0903,KW-0964,<DUMMY>,<DUMMY>,<DUMMY>,<DUMMY>,<DUMMY>,<DUMMY>,<DUMMY>,GO:0005179,<DUMMY>,<DUMMY>,<DUMMY>,<DUMMY>,<DUMMY>,<DUMMY>,GO:0005576,<DUMMY>,<DUMMY>,<DUMMY>,<DUMMY>,<DUMMY>,<DUMMY>,<DUMMY>,<DUMMY>,<DUMMY>,<DUMMY>,<DUMMY>,<DUMMY>,<DUMMY>,<DUMMY>,<DUMMY>,<DUMMY>,<DUMMY>,<DUMMY>,<DUMMY>,<DUMMY>,<DUMMY>,<DUMMY>,<DUMMY>,<DUMMY>,<DUMMY>,<DUMMY>,<DUMMY>,<DUMMY>,<DUMMY>,<DUMMY>,<DUMMY>,<DUMMY>,<DUMMY>,<DUMMY>,<DUMMY>,<DUMMY>,<DUMMY>,APLEPVYPGDNATPEQMAQYAAELRRYINMLTRPRY
Eukaryota,Metazoa,Chordata,Mammalia,Perissodactyla (odd-toed ungulates),Equus,Equus przewalskii (Przewalski's horse) (Equus caballus przewalskii),KW-0027,KW-0372,KW-0903,KW-0964,<DUMMY>,<DUMMY>,<DUMMY>,<DUMMY>,<DUMMY>,<DUMMY>,<DUMMY>,GO:0005179,<DUMMY>,<DUMMY>,<DUMMY>,<DUMMY>,<DUMMY>,<DUMMY>,GO:0005576,<DUMMY>,<DUMMY>,<DUMMY>,<DUMMY>,<DUMMY>,<DUMMY>,<DUMMY>,<DUMMY>,<DUMMY>,<DUMMY>,<DUMMY>,<DUMMY>,<DUMMY>,<DUMMY>,<DUMMY>,<DUMMY>,<DUMMY>,<DUMMY>,<DUMMY>,<DUMMY>,<DUMMY>,<DUMMY>,<DUMMY>,<DUMMY>,<DUMMY>,<DUMMY>,<DUMMY>,<DUMMY>,<DUMMY>,<DUMMY>,<DUMMY>,<DUMMY>,<DUMMY>,<DUMMY>,<DUMMY>,<DUMMY>,<DUMMY>,APMEPVYPGDNATPEQMAQYAAELRRYINMLTRPRY
Eukaryota,Metazoa,Chordata,Aves,Struthioniformes (ostriches),Struthio,Struthio camelus (Common ostrich),KW-0027,KW-0372,KW-0903,KW-0964,<DUMMY>,<DUMMY>,<DUMMY>,<DUMMY>,<DUMMY>,<DUMMY>,<DUMMY>,GO:0005179,<DUMMY>,<DUMMY>,<DUMMY>,<DUMMY>,<DUMMY>,<DUMMY>,GO:0005576,<DUMMY>,<DUMMY>,<DUMMY>,<DUMMY>,<DUMMY>,<DUMMY>,<DUMMY>,<DUMMY>,<DUMMY>,<DUMMY>,<DUMMY>,<DUMMY>,<DUMMY>,<DUMMY>,<DUMMY>,<DUMMY>,<DUMMY>,<DUMMY>,<DUMMY>,<DUMMY>,<DUMMY>,<DUMMY>,<DUMMY>,<DUMMY>,<DUMMY>,<DUMMY>,<DUMMY>,<DUMMY>,<DUMMY>,<DUMMY>,<DUMMY>,<DUMMY>,<DUMMY>,<DUMMY>,<DUMMY>,<DUMMY>,<DUMMY>,GPAQPTYPGDDAPVEDLVRFYDNLQQYLNVVTRHRY
Eukaryota,Metazoa,Chordata,Actinopteri,Cichliformes (cichlids and convict blennies),Oreochromis,Oreochromis niloticus (Nile tilapia) (Tilapia nilotica),KW-0027,KW-0372,KW-0903,KW-0964,KW-1185,<DUMMY>,<DUMMY>,<DUMMY>,<DUMMY>,<DUMMY>,<DUMMY>,GO:0005179,<DUMMY>,<DUMMY>,<DUMMY>,<DUMMY>,<DUMMY>,<DUMMY>,GO:0005576,<DUMMY>,<DUMMY>,<DUMMY>,<DUMMY>,<DUMMY>,<DUMMY>,<DUMMY>,<DUMMY>,<DUMMY>,<DUMMY>,<DUMMY>,<DUMMY>,<DUMMY>,<DUMMY>,<DUMMY>,<DUMMY>,<DUMMY>,<DUMMY>,<DUMMY>,<DUMMY>,<DUMMY>,<DUMMY>,<DUMMY>,<DUMMY>,<DUMMY>,<DUMMY>,<DUMMY>,<DUMMY>,<DUMMY>,<DUMMY>,<DUMMY>,<DUMMY>,<DUMMY>,<DUMMY>,<DUMMY>,<DUMMY>,<DUMMY>,YPPKPESPGSDASPEDWAKYHAAVRHYVNLITRQRY
Eukaryota,Metazoa,Chordata,Actinopteri,Salmoniformes (salmons and trouts),Oncorhynchus,Oncorhynchus mykiss (Rainbow trout) (Salmo gairdneri),KW-0027,KW-0372,KW-0903,KW-0964,<DUMMY>,<DUMMY>,<DUMMY>,<DUMMY>,<DUMMY>,<DUMMY>,<DUMMY>,GO:0005179,<DUMMY>,<DUMMY>,<DUMMY>,<DUMMY>,<DUMMY>,<DUMMY>,GO:0005576,<DUMMY>,<DUMMY>,<DUMMY>,<DUMMY>,<DUMMY>,<DUMMY>,<DUMMY>,<DUMMY>,<DUMMY>,<DUMMY>,<DUMMY>,<DUMMY>,<DUMMY>,<DUMMY>,<DUMMY>,<DUMMY>,<DUMMY>,<DUMMY>,<DUMMY>,<DUMMY>,<DUMMY>,<DUMMY>,<DUMMY>,<DUMMY>,<DUMMY>,<DUMMY>,<DUMMY>,<DUMMY>,<DUMMY>,<DUMMY>,<DUMMY>,<DUMMY>,<DUMMY>,<DUMMY>,<DUMMY>,<DUMMY>,<DUMMY>,YPPKPENPGEDAPPEELAKYYTALRHYINLITRQRY
Eukaryota,Metazoa,Chordata,Mammalia,"Eulipotyphla (hedgehogs, shrews, moles and others)",Erinaceus,Erinaceus europaeus (Western European hedgehog),KW-0027,KW-0372,KW-0903,KW-0964,KW-1185,<DUMMY>,<DUMMY>,<DUMMY>,<DUMMY>,<DUMMY>,<DUMMY>,GO:0005179,<DUMMY>,<DUMMY>,<DUMMY>,<DUMMY>,<DUMMY>,<DUMMY>,GO:0005576,<DUMMY>,<DUMMY>,<DUMMY>,<DUMMY>,<DUMMY>,<DUMMY>,<DUMMY>,<DUMMY>,<DUMMY>,<DUMMY>,<DUMMY>,<DUMMY>,<DUMMY>,<DUMMY>,<DUMMY>,<DUMMY>,<DUMMY>,<DUMMY>,<DUMMY>,<DUMMY>,<DUMMY>,<DUMMY>,<DUMMY>,<DUMMY>,<DUMMY>,<DUMMY>,<DUMMY>,<DUMMY>,<DUMMY>,<DUMMY>,<DUMMY>,<DUMMY>,<DUMMY>,<DUMMY>,<DUMMY>,<DUMMY>,<DUMMY>,VPLEPVYPGDNATPEQMAHYAAELRRYINMLTRPRY
Eukaryota,Metazoa,Chordata,Aves,Charadriiformes,Larus,Larus argentatus (Herring gull),KW-0027,KW-0372,KW-0903,KW-0964,<DUMMY>,<DUMMY>,<DUMMY>,<DUMMY>,<DUMMY>,<DUMMY>,<DUMMY>,GO:0005179,<DUMMY>,<DUMMY>,<DUMMY>,<DUMMY>,<DUMMY>,<DUMMY>,GO:0005576,<DUMMY>,<DUMMY>,<DUMMY>,<DUMMY>,<DUMMY>,<DUMMY>,<DUMMY>,<DUMMY>,<DUMMY>,<DUMMY>,<DUMMY>,<DUMMY>,<DUMMY>,<DUMMY>,<DUMMY>,<DUMMY>,<DUMMY>,<DUMMY>,<DUMMY>,<DUMMY>,<DUMMY>,<DUMMY>,<DUMMY>,<DUMMY>,<DUMMY>,<DUMMY>,<DUMMY>,<DUMMY>,<DUMMY>,<DUMMY>,<DUMMY>,<DUMMY>,<DUMMY>,<DUMMY>,<DUMMY>,<DUMMY>,<DUMMY>,GPVQPTYPGDDAPVEDLVRFYNDLQQYLNVVTRHRY
Eukaryota,Metazoa,Chordata,Mammalia,Carnivora,Canis,Canis lupus (Gray wolf),KW-0027,KW-0372,KW-0597,KW-0903,KW-0964,KW-1185,<DUMMY>,<DUMMY>,<DUMMY>,<DUMMY>,<DUMMY>,GO:0001664,GO:0005179,GO:0005184,GO:0031841,<DUMMY>,<DUMMY>,<DUMMY>,GO:0005615,<DUMMY>,<DUMMY>,<DUMMY>,<DUMMY>,<DUMMY>,<DUMMY>,<DUMMY>,GO:0007631,GO:0007218,<DUMMY>,<DUMMY>,<DUMMY>,<DUMMY>,<DUMMY>,<DUMMY>,<DUMMY>,<DUMMY>,<DUMMY>,<DUMMY>,<DUMMY>,<DUMMY>,<DUMMY>,<DUMMY>,<DUMMY>,<DUMMY>,<DUMMY>,<DUMMY>,<DUMMY>,<DUMMY>,<DUMMY>,<DUMMY>,<DUMMY>,<DUMMY>,<DUMMY>,<DUMMY>,<DUMMY>,<DUMMY>,YPAKPEAPGEDASPEELSRYYASLRHYLNLVTRQRY
Eukaryota,Metazoa,Chordata,<DUMMY>,Crocodylia (alligators and others),Alligator,Alligator mississippiensis (American alligator),KW-0027,KW-0372,KW-0903,KW-0964,<DUMMY>,<DUMMY>,<DUMMY>,<DUMMY>,<DUMMY>,<DUMMY>,<DUMMY>,GO:0005179,<DUMMY>,<DUMMY>,<DUMMY>,<DUMMY>,<DUMMY>,<DUMMY>,GO:0005576,<DUMMY>,<DUMMY>,<DUMMY>,<DUMMY>,<DUMMY>,<DUMMY>,<DUMMY>,<DUMMY>,<DUMMY>,<DUMMY>,<DUMMY>,<DUMMY>,<DUMMY>,<DUMMY>,<DUMMY>,<DUMMY>,<DUMMY>,<DUMMY>,<DUMMY>,<DUMMY>,<DUMMY>,<DUMMY>,<DUMMY>,<DUMMY>,<DUMMY>,<DUMMY>,<DUMMY>,<DUMMY>,<DUMMY>,<DUMMY>,<DUMMY>,<DUMMY>,<DUMMY>,<DUMMY>,<DUMMY>,<DUMMY>,<DUMMY>,TPLQPKYPGDGAPVEDLIQFYDDLQQYLNVVTRPRF
Eukaryota,Metazoa,Chordata,Amphibia,Anura,Lithobates,Lithobates catesbeianus (American bullfrog) (Rana catesbeiana),KW-0027,KW-0372,KW-0903,KW-0964,<DUMMY>,<DUMMY>,<DUMMY>,<DUMMY>,<DUMMY>,<DUMMY>,<DUMMY>,GO:0005179,<DUMMY>,<DUMMY>,<DUMMY>,<DUMMY>,<DUMMY>,<DUMMY>,GO:0005576,<DUMMY>,<DUMMY>,<DUMMY>,<DUMMY>,<DUMMY>,<DUMMY>,<DUMMY>,<DUMMY>,<DUMMY>,<DUMMY>,<DUMMY>,<DUMMY>,<DUMMY>,<DUMMY>,<DUMMY>,<DUMMY>,<DUMMY>,<DUMMY>,<DUMMY>,<DUMMY>,<DUMMY>,<DUMMY>,<DUMMY>,<DUMMY>,<DUMMY>,<DUMMY>,<DUMMY>,<DUMMY>,<DUMMY>,<DUMMY>,<DUMMY>,<DUMMY>,<DUMMY>,<DUMMY>,<DUMMY>,<DUMMY>,<DUMMY>,APSEPHHPGDQATPDQLAQYYSDLYQYITFITRPRF
Eukaryota,Metazoa,Mollusca,Gastropoda,Neogastropoda,Conus,Conus betulinus (Beech cone),KW-0027,KW-0528,KW-0800,KW-0903,KW-0964,<DUMMY>,<DUMMY>,<DUMMY>,<DUMMY>,<DUMMY>,<DUMMY>,GO:0005179,GO:0090729,<DUMMY>,<DUMMY>,<DUMMY>,<DUMMY>,<DUMMY>,GO:0005576,<DUMMY>,<DUMMY>,<DUMMY>,<DUMMY>,<DUMMY>,<DUMMY>,<DUMMY>,<DUMMY>,<DUMMY>,<DUMMY>,<DUMMY>,<DUMMY>,<DUMMY>,<DUMMY>,<DUMMY>,<DUMMY>,<DUMMY>,<DUMMY>,<DUMMY>,<DUMMY>,<DUMMY>,<DUMMY>,<DUMMY>,<DUMMY>,<DUMMY>,<DUMMY>,<DUMMY>,<DUMMY>,<DUMMY>,<DUMMY>,<DUMMY>,<DUMMY>,<DUMMY>,<DUMMY>,<DUMMY>,<DUMMY>,<DUMMY>,TVSDPPARPAVFHSREELMNYVRELNLYFAIVGRPRY
Eukaryota,Metazoa,Chordata,Amphibia,Anura,Rana,Rana temporaria (European common frog),KW-0027,KW-0372,KW-0903,KW-0964,<DUMMY>,<DUMMY>,<DUMMY>,<DUMMY>,<DUMMY>,<DUMMY>,<DUMMY>,GO:0005179,<DUMMY>,<DUMMY>,<DUMMY>,<DUMMY>,<DUMMY>,<DUMMY>,GO:0005576,<DUMMY>,<DUMMY>,<DUMMY>,<DUMMY>,<DUMMY>,<DUMMY>,<DUMMY>,<DUMMY>,<DUMMY>,<DUMMY>,<DUMMY>,<DUMMY>,<DUMMY>,<DUMMY>,<DUMMY>,<DUMMY>,<DUMMY>,<DUMMY>,<DUMMY>,<DUMMY>,<DUMMY>,<DUMMY>,<DUMMY>,<DUMMY>,<DUMMY>,<DUMMY>,<DUMMY>,<DUMMY>,<DUMMY>,<DUMMY>,<DUMMY>,<DUMMY>,<DUMMY>,<DUMMY>,<DUMMY>,<DUMMY>,<DUMMY>,APSEPHHPGDQATQDQLAQYYSDLYQYITFVTRPRF
Eukaryota,Metazoa,Chordata,Aves,Galliformes,Gallus,Gallus gallus (Chicken),KW-0027,KW-0372,KW-0903,KW-0964,KW-1185,<DUMMY>,<DUMMY>,<DUMMY>,<DUMMY>,<DUMMY>,<DUMMY>,GO:0001664,GO:0005179,GO:0005184,<DUMMY>,<DUMMY>,<DUMMY>,<DUMMY>,GO:0005615,<DUMMY>,<DUMMY>,<DUMMY>,<DUMMY>,<DUMMY>,<DUMMY>,<DUMMY>,GO:0007631,GO:0007218,<DUMMY>,<DUMMY>,<DUMMY>,<DUMMY>,<DUMMY>,<DUMMY>,<DUMMY>,<DUMMY>,<DUMMY>,<DUMMY>,<DUMMY>,<DUMMY>,<DUMMY>,<DUMMY>,<DUMMY>,<DUMMY>,<DUMMY>,<DUMMY>,<DUMMY>,<DUMMY>,<DUMMY>,<DUMMY>,<DUMMY>,<DUMMY>,<DUMMY>,<DUMMY>,<DUMMY>,<DUMMY>,AYPPKPESPGDAASPEEIAQYFSALRHYINLVTRQRY
Eukaryota,Metazoa,Chordata,Actinopteri,Salmoniformes (salmons and trouts),Oncorhynchus,Oncorhynchus kisutch (Coho salmon) (Salmo kisutch),KW-0027,KW-0372,KW-0903,KW-0964,<DUMMY>,<DUMMY>,<DUMMY>,<DUMMY>,<DUMMY>,<DUMMY>,<DUMMY>,GO:0005179,<DUMMY>,<DUMMY>,<DUMMY>,<DUMMY>,<DUMMY>,<DUMMY>,GO:0005576,<DUMMY>,<DUMMY>,<DUMMY>,<DUMMY>,<DUMMY>,<DUMMY>,<DUMMY>,<DUMMY>,<DUMMY>,<DUMMY>,<DUMMY>,<DUMMY>,<DUMMY>,<DUMMY>,<DUMMY>,<DUMMY>,<DUMMY>,<DUMMY>,<DUMMY>,<DUMMY>,<DUMMY>,<DUMMY>,<DUMMY>,<DUMMY>,<DUMMY>,<DUMMY>,<DUMMY>,<DUMMY>,<DUMMY>,<DUMMY>,<DUMMY>,<DUMMY>,<DUMMY>,<DUMMY>,<DUMMY>,<DUMMY>,<DUMMY>,YPPKPENPGEDAPPEELAKYYTALRHYINLITRQRY
Eukaryota,Metazoa,Chordata,Mammalia,Primates,Macaca (macaques),Macaca mulatta (Rhesus macaque),KW-0027,KW-0372,KW-0903,KW-0964,KW-1185,<DUMMY>,<DUMMY>,<DUMMY>,<DUMMY>,<DUMMY>,<DUMMY>,GO:0001664,GO:0005179,GO:0005184,<DUMMY>,<DUMMY>,<DUMMY>,<DUMMY>,GO:0005615,<DUMMY>,<DUMMY>,<DUMMY>,<DUMMY>,<DUMMY>,<DUMMY>,<DUMMY>,GO:0007631,GO:0007218,<DUMMY>,<DUMMY>,<DUMMY>,<DUMMY>,<DUMMY>,<DUMMY>,<DUMMY>,<DUMMY>,<DUMMY>,<DUMMY>,<DUMMY>,<DUMMY>,<DUMMY>,<DUMMY>,<DUMMY>,<DUMMY>,<DUMMY>,<DUMMY>,<DUMMY>,<DUMMY>,<DUMMY>,<DUMMY>,<DUMMY>,<DUMMY>,<DUMMY>,<DUMMY>,<DUMMY>,<DUMMY>,APLEPVYPGDNATPEQMAQYAADLRRYINMLTRPRY
Eukaryota,Metazoa,Chordata,Aves,"Anseriformes (ducks, geese and swans)",Anser (geese),Anser anser (Domestic goose),KW-0027,KW-0372,KW-0903,KW-0964,<DUMMY>,<DUMMY>,<DUMMY>,<DUMMY>,<DUMMY>,<DUMMY>,<DUMMY>,GO:0005179,<DUMMY>,<DUMMY>,<DUMMY>,<DUMMY>,<DUMMY>,<DUMMY>,GO:0005576,<DUMMY>,<DUMMY>,<DUMMY>,<DUMMY>,<DUMMY>,<DUMMY>,<DUMMY>,<DUMMY>,<DUMMY>,<DUMMY>,<DUMMY>,<DUMMY>,<DUMMY>,<DUMMY>,<DUMMY>,<DUMMY>,<DUMMY>,<DUMMY>,<DUMMY>,<DUMMY>,<DUMMY>,<DUMMY>,<DUMMY>,<DUMMY>,<DUMMY>,<DUMMY>,<DUMMY>,<DUMMY>,<DUMMY>,<DUMMY>,<DUMMY>,<DUMMY>,<DUMMY>,<DUMMY>,<DUMMY>,<DUMMY>,<DUMMY>,GPSQPTYPGNDAPVEDLRFYYDNLQQYRLNVFRHRY
Eukaryota,Metazoa,Chordata,Amphibia,Anura,Phyllomedusa (leaf frogs),Phyllomedusa bicolor (Two-colored leaf frog) (Rana bicolor),KW-0027,KW-0044,KW-0295,KW-0372,KW-0903,KW-0929,KW-0964,<DUMMY>,<DUMMY>,<DUMMY>,<DUMMY>,GO:0005179,<DUMMY>,<DUMMY>,<DUMMY>,<DUMMY>,<DUMMY>,<DUMMY>,GO:0005576,<DUMMY>,<DUMMY>,<DUMMY>,<DUMMY>,<DUMMY>,<DUMMY>,<DUMMY>,GO:0042742,GO:0050832,GO:0031640,<DUMMY>,<DUMMY>,<DUMMY>,<DUMMY>,<DUMMY>,<DUMMY>,<DUMMY>,<DUMMY>,<DUMMY>,<DUMMY>,<DUMMY>,<DUMMY>,<DUMMY>,<DUMMY>,<DUMMY>,<DUMMY>,<DUMMY>,<DUMMY>,<DUMMY>,<DUMMY>,<DUMMY>,<DUMMY>,<DUMMY>,<DUMMY>,<DUMMY>,<DUMMY>,<DUMMY>,YPPKPESPGEDASPEEMNKYLTALRHYINLVTRQRY
Eukaryota,Metazoa,Chordata,Actinopteri,Perciformes (perches and others),Epinephelus,Epinephelus coioides (Orange-spotted grouper) (Epinephelus nebulosus),KW-0527,<DUMMY>,<DUMMY>,<DUMMY>,<DUMMY>,<DUMMY>,<DUMMY>,<DUMMY>,<DUMMY>,<DUMMY>,<DUMMY>,GO:0005179,<DUMMY>,<DUMMY>,<DUMMY>,<DUMMY>,<DUMMY>,<DUMMY>,GO:0005576,<DUMMY>,<DUMMY>,<DUMMY>,<DUMMY>,<DUMMY>,<DUMMY>,<DUMMY>,GO:0007218,<DUMMY>,<DUMMY>,<DUMMY>,<DUMMY>,<DUMMY>,<DUMMY>,<DUMMY>,<DUMMY>,<DUMMY>,<DUMMY>,<DUMMY>,<DUMMY>,<DUMMY>,<DUMMY>,<DUMMY>,<DUMMY>,<DUMMY>,<DUMMY>,<DUMMY>,<DUMMY>,<DUMMY>,<DUMMY>,<DUMMY>,<DUMMY>,<DUMMY>,<DUMMY>,<DUMMY>,<DUMMY>,<DUMMY>,YPTKADNPGEDAPAEELAKYYSALRHYINLITRQGY
Eukaryota,Metazoa,Chordata,Chondrichthyes,Carcharhiniformes (ground sharks),Scyliorhinus,Scyliorhinus canicula (Small-spotted catshark) (Squalus canicula),<DUMMY>,<DUMMY>,<DUMMY>,<DUMMY>,<DUMMY>,<DUMMY>,<DUMMY>,<DUMMY>,<DUMMY>,<DUMMY>,<DUMMY>,GO:0005179,<DUMMY>,<DUMMY>,<DUMMY>,<DUMMY>,<DUMMY>,<DUMMY>,GO:0005576,<DUMMY>,<DUMMY>,<DUMMY>,<DUMMY>,<DUMMY>,<DUMMY>,<DUMMY>,<DUMMY>,<DUMMY>,<DUMMY>,<DUMMY>,<DUMMY>,<DUMMY>,<DUMMY>,<DUMMY>,<DUMMY>,<DUMMY>,<DUMMY>,<DUMMY>,<DUMMY>,<DUMMY>,<DUMMY>,<DUMMY>,<DUMMY>,<DUMMY>,<DUMMY>,<DUMMY>,<DUMMY>,<DUMMY>,<DUMMY>,<DUMMY>,<DUMMY>,<DUMMY>,<DUMMY>,<DUMMY>,<DUMMY>,<DUMMY>,YPSKPDNPGEGAPAEDLAKYYSALRHYINLITRQRY
Eukaryota,Metazoa,Chordata,Aves,Passeriformes,Lonchura (mannikins),Lonchura striata (white-rumped munia),KW-1185,<DUMMY>,<DUMMY>,<DUMMY>,<DUMMY>,<DUMMY>,<DUMMY>,<DUMMY>,<DUMMY>,<DUMMY>,<DUMMY>,GO:0005179,<DUMMY>,<DUMMY>,<DUMMY>,<DUMMY>,<DUMMY>,<DUMMY>,GO:0005576,<DUMMY>,<DUMMY>,<DUMMY>,<DUMMY>,<DUMMY>,<DUMMY>,<DUMMY>,<DUMMY>,<DUMMY>,<DUMMY>,<DUMMY>,<DUMMY>,<DUMMY>,<DUMMY>,<DUMMY>,<DUMMY>,<DUMMY>,<DUMMY>,<DUMMY>,<DUMMY>,<DUMMY>,<DUMMY>,<DUMMY>,<DUMMY>,<DUMMY>,<DUMMY>,<DUMMY>,<DUMMY>,<DUMMY>,<DUMMY>,<DUMMY>,<DUMMY>,<DUMMY>,<DUMMY>,<DUMMY>,<DUMMY>,<DUMMY>,MARYFSALRHYINLVTRQR
Eukaryota,Metazoa,Chordata,Actinopteri,Centrarchiformes (sunfishes and others),Siniperca,Siniperca chuatsi (Mandarin fish),KW-0527,<DUMMY>,<DUMMY>,<DUMMY>,<DUMMY>,<DUMMY>,<DUMMY>,<DUMMY>,<DUMMY>,<DUMMY>,<DUMMY>,GO:0005179,<DUMMY>,<DUMMY>,<DUMMY>,<DUMMY>,<DUMMY>,<DUMMY>,GO:0005576,<DUMMY>,<DUMMY>,<DUMMY>,<DUMMY>,<DUMMY>,<DUMMY>,<DUMMY>,GO:0007218,<DUMMY>,<DUMMY>,<DUMMY>,<DUMMY>,<DUMMY>,<DUMMY>,<DUMMY>,<DUMMY>,<DUMMY>,<DUMMY>,<DUMMY>,<DUMMY>,<DUMMY>,<DUMMY>,<DUMMY>,<DUMMY>,<DUMMY>,<DUMMY>,<DUMMY>,<DUMMY>,<DUMMY>,<DUMMY>,<DUMMY>,<DUMMY>,<DUMMY>,<DUMMY>,<DUMMY>,<DUMMY>,<DUMMY>,YPVKPENPGEDAPAEELAKYYSALRHYINLITRQRY
Eukaryota,Metazoa,Platyhelminthes,Cestoda,Cyclophyllidea,Moniezia,Moniezia expansa (Sheep tapeworm),KW-0527,<DUMMY>,<DUMMY>,<DUMMY>,<DUMMY>,<DUMMY>,<DUMMY>,<DUMMY>,<DUMMY>,<DUMMY>,<DUMMY>,GO:0005179,<DUMMY>,<DUMMY>,<DUMMY>,<DUMMY>,<DUMMY>,<DUMMY>,GO:0005576,<DUMMY>,<DUMMY>,<DUMMY>,<DUMMY>,<DUMMY>,<DUMMY>,<DUMMY>,GO:0007218,<DUMMY>,<DUMMY>,<DUMMY>,<DUMMY>,<DUMMY>,<DUMMY>,<DUMMY>,<DUMMY>,<DUMMY>,<DUMMY>,<DUMMY>,<DUMMY>,<DUMMY>,<DUMMY>,<DUMMY>,<DUMMY>,<DUMMY>,<DUMMY>,<DUMMY>,<DUMMY>,<DUMMY>,<DUMMY>,<DUMMY>,<DUMMY>,<DUMMY>,<DUMMY>,<DUMMY>,<DUMMY>,<DUMMY>,PDKDSIVNPSDLVLDNKAALRDYLRQINEYFAIIGRPRF
Eukaryota,Metazoa,Chordata,Actinopteri,Spariformes (porgies and others),Sparus,Sparus aurata (Gilthead sea bream),KW-0527,<DUMMY>,<DUMMY>,<DUMMY>,<DUMMY>,<DUMMY>,<DUMMY>,<DUMMY>,<DUMMY>,<DUMMY>,<DUMMY>,GO:0005179,<DUMMY>,<DUMMY>,<DUMMY>,<DUMMY>,<DUMMY>,<DUMMY>,GO:0005576,<DUMMY>,<DUMMY>,<DUMMY>,<DUMMY>,<DUMMY>,<DUMMY>,<DUMMY>,GO:0007218,<DUMMY>,<DUMMY>,<DUMMY>,<DUMMY>,<DUMMY>,<DUMMY>,<DUMMY>,<DUMMY>,<DUMMY>,<DUMMY>,<DUMMY>,<DUMMY>,<DUMMY>,<DUMMY>,<DUMMY>,<DUMMY>,<DUMMY>,<DUMMY>,<DUMMY>,<DUMMY>,<DUMMY>,<DUMMY>,<DUMMY>,<DUMMY>,<DUMMY>,<DUMMY>,<DUMMY>,<DUMMY>,<DUMMY>,APAEELAKYYSALRHYINLITR
